1,1,177,173,181,1,1,0.0588,0.0061,0,1,1,5,0,1,50
2,1,140,133,147,1,1,0.0628,0.0162,0,1,1,6,0,1,50
2,1,40,39,41,1,2,0.032,0.0049,0,1,1,7,0,1,NaN
3,1,180,NaN,NaN,2,3,0.0378,0.0049,1,1,1,8,60,2,50
3,1,235,NaN,NaN,2,3,0.0449,0.0042,1,1,1,9,60,2,50
3,1,658,NaN,NaN,2,3,NaN,NaN,NaN,1,1,10,60,2,50
3,1,223,NaN,NaN,2,3,0.0424,0.0117,1,1,1,11,60,2,50
4,1,NaN,NaN,NaN,1,2,1,NaN,0,10,1,12,60,2,NaN
4,1,NaN,NaN,NaN,1,4,1,NaN,0,10,1,13,60,2,99
4,1,NaN,NaN,NaN,1,5,0.1,NaN,0,10,1,14,60,2,88
4,1,NaN,NaN,NaN,1,6,0.01,NaN,0,10,1,15,60,2,27
4,1,NaN,NaN,NaN,1,2,0.001,NaN,0,10,1,16,60,2,NaN
1,1,NaN,NaN,NaN,1,3,NaN,NaN,1,1,1,17,90,2,50
4,1,NaN,NaN,NaN,1,3,NaN,NaN,NaN,1,1,18,90,2,50
5,1,NaN,NaN,NaN,1,3,NaN,NaN,1,1,1,19,90,2,50
6,1,NaN,NaN,NaN,1,3,NaN,NaN,NaN,1,1,20,90,2,50
7,2,NaN,NaN,NaN,3,7,99,NaN,0,10,1,21,14400,4,NaN
7,2,NaN,NaN,NaN,4,7,NaN,NaN,NaN,10,1,22,14400,4,NaN
8,2,5,-9999,NaN,5,8,0.0001,NaN,0,1,1,23,14400,4,NaN
8,2,5,-9999,NaN,5,8,0.0005,NaN,0,1,1,24,14400,4,NaN
8,2,5,-9999,NaN,5,8,0.00025,NaN,0,1,1,25,14400,4,NaN
8,3,NaN,NaN,NaN,6,2,0.03,NaN,0,11,2,26,14400,4,NaN
1,4,0,-9999,9999,2,9,NaN,NaN,NaN,9,3,27,14400,4,25
1,4,0,-9999,9999,7,10,NaN,NaN,NaN,9,3,28,14400,4,90
1,5,0,-9999,9999,2,11,NaN,NaN,NaN,9,3,29,14400,4,75
1,5,0,-9999,9999,7,10,NaN,NaN,NaN,9,3,30,14400,4,90
1,6,0,-9999,9999,2,9,NaN,NaN,NaN,9,3,31,14400,4,25
1,6,0,-9999,9999,7,10,NaN,NaN,NaN,9,3,32,14400,4,90
2,7,NaN,NaN,NaN,8,12,0.02,NaN,0,1,1,33,14400,4,50
2,1,0,-9999,9999,8,13,0.0001,NaN,0,2,1,34,14400,4,20
2,1,0,-9999,9999,8,9,0.001,NaN,0,2,1,35,14400,4,25
2,1,0,-9999,9999,8,14,0.001,NaN,0,2,1,36,14400,4,10
2,7,27.1,26.8,27.4,9,15,0.005,NaN,0,1,1,37,14400,4,38.5
2,7,27.1,26.8,27.4,9,16,0.01,NaN,0,1,1,38,14400,4,49
2,7,27.1,26.8,27.4,9,17,0.02,NaN,0,1,1,39,14400,4,64.5
4,1,450,NaN,NaN,5,2,0.005,NaN,0,5,1,40,14400,4,NaN
4,1,200,NaN,NaN,6,2,3,NaN,0,11,2,41,14400,4,NaN
4,1,0,-9999,9999,10,2,0.002,NaN,0,1,1,42,600,2,NaN
4,1,0,-9999,9999,10,3,NaN,NaN,1,1,1,43,600,2,50
4,1,NaN,NaN,NaN,11,18,0.1,NaN,0,1,1,44,10,1,NaN
6,8,NaN,NaN,NaN,12,2,1,NaN,0,1,1,45,600,2,NaN
6,8,NaN,NaN,NaN,12,2,1,NaN,0,1,1,46,600,2,NaN
1,1,103,NaN,NaN,8,19,0.23,NaN,0,3,2,47,100,2,16
4,9,1958,NaN,NaN,12,20,NaN,NaN,NaN,1,1,48,NaN,NaN,20
9,3,NaN,NaN,NaN,13,2,1,NaN,0,1,1,49,17280,4,NaN
9,3,NaN,NaN,NaN,13,21,0.5,NaN,0,1,1,50,17280,4,85
9,3,NaN,NaN,NaN,13,22,0.5,NaN,0,1,1,51,17280,4,NaN
9,3,NaN,NaN,NaN,13,22,0.01,NaN,0,1,1,52,17280,4,NaN
9,3,NaN,NaN,NaN,13,23,0.05,NaN,0,1,1,53,17280,4,15
9,3,NaN,NaN,NaN,13,2,0.05,NaN,0,1,1,54,17280,4,NaN
3,7,8.5,8.3,8.7,13,2,0.01,NaN,0,1,1,55,17280,4,NaN
7,3,NaN,NaN,NaN,13,2,0.05,NaN,0,1,1,56,17280,4,NaN
7,3,NaN,NaN,NaN,13,2,0.01,NaN,0,1,1,57,17280,4,NaN
7,3,NaN,NaN,NaN,13,13,0.05,NaN,0,1,1,58,17280,4,20
7,3,NaN,NaN,NaN,13,2,0.0001,NaN,0,1,1,59,17280,4,NaN
7,3,NaN,NaN,NaN,13,23,0.001,NaN,0,1,1,60,17280,4,15
7,3,NaN,NaN,NaN,13,24,0.01,NaN,0,1,1,61,17280,4,30
7,3,NaN,NaN,NaN,13,2,0.01,NaN,0,1,1,62,17280,4,NaN
7,3,NaN,NaN,NaN,13,13,0.05,NaN,0,1,1,63,17280,4,20
1,10,500,420,580,9,1,0.064,NaN,0,1,1,64,17280,4,50
3,11,90,88,92,13,2,0.001,NaN,0,1,1,65,17280,4,NaN
3,11,90,88,92,13,25,0.01,NaN,0,1,1,66,17280,4,35
3,11,90,88,92,13,2,0.01,NaN,0,1,1,67,17280,4,NaN
1,5,1916,1500,2332,1,26,0.05,NaN,0,1,1,68,720,2,NaN
1,5,1916,1500,2332,1,27,0.5,NaN,0,1,1,69,720,2,NaN
1,5,91,56,126,1,26,0.1,NaN,0,1,1,70,720,2,NaN
1,5,91,56,126,1,27,0.5,NaN,0,1,1,71,720,2,NaN
1,1,177,173,181,1,1,NaN,NaN,NaN,1,1,72,120,2,50
1,1,1537,1272,1802,1,2,0.2,NaN,0,1,1,73,120,2,NaN
2,1,140,133,147,1,1,0.004,0.0002,0,1,1,74,120,2,50
2,1,40,39,41,1,2,0.004,0.0008,0,1,1,75,120,2,NaN
4,1,244,236,252,1,2,0.2,NaN,0,1,1,76,120,2,NaN
4,1,677,666,688,1,2,0.2,NaN,0,1,1,77,120,2,NaN
8,2,48,37,59,14,28,1,NaN,0,12,1,78,20160,4,100
8,2,48,37,59,15,2,1,NaN,0,12,1,79,20160,4,NaN
8,2,48,37,59,16,29,1,NaN,0,12,1,80,20160,4,80
7,2,48,37,59,14,22,1,NaN,0,12,1,81,20160,4,NaN
7,2,48,37,59,15,30,1,NaN,0,12,1,82,20160,4,NaN
7,2,48,37,59,16,31,1,NaN,0,12,1,83,20160,4,68
7,2,48,37,59,17,32,1,NaN,0,12,1,84,20160,4,NaN
7,2,48,37,59,14,33,1,NaN,0,1,1,85,20160,4,97
7,2,48,37,59,15,34,1,NaN,0,1,1,86,20160,4,40
7,2,48,37,59,16,10,1,NaN,0,12,1,87,20160,4,90
7,2,48,37,59,17,35,1,NaN,0,12,1,88,20160,4,43
9,3,NaN,NaN,NaN,5,2,0.1,NaN,0,1,1,89,20160,4,NaN
9,3,NaN,NaN,NaN,5,2,0.1,NaN,0,1,1,90,20160,4,NaN
1,1,NaN,NaN,NaN,1,36,0.0195,0.0042,1,1,1,91,20160,4,NaN
1,1,NaN,NaN,NaN,1,37,0.0282,0.00475,1,1,1,92,20160,4,NaN
1,1,NaN,NaN,NaN,1,38,0.0573,0.00655,1,1,1,93,20160,4,NaN
1,7,NaN,NaN,NaN,5,2,0.0479,0.0021,0,1,1,94,20160,4,NaN
2,7,NaN,NaN,NaN,18,2,0.5,NaN,0,3,2,95,20160,4,NaN
2,7,NaN,NaN,NaN,18,2,0.5,NaN,0,3,2,96,20160,4,NaN
2,1,NaN,NaN,NaN,9,2,0.1,NaN,0,1,1,97,20160,4,NaN
2,1,NaN,NaN,NaN,9,39,0.5,NaN,0,1,1,98,20160,4,83
2,1,NaN,NaN,NaN,9,2,0.1,NaN,0,1,1,99,20160,4,NaN
2,1,NaN,NaN,NaN,9,40,0.5,NaN,0,1,1,100,20160,4,74
2,1,NaN,NaN,NaN,9,2,0.1,NaN,0,1,1,101,20160,4,NaN
2,1,NaN,NaN,NaN,9,41,0.5,NaN,0,1,1,102,20160,4,61
2,1,NaN,NaN,NaN,9,2,0.1,NaN,0,1,1,103,20160,4,NaN
2,1,NaN,NaN,NaN,9,42,0.5,NaN,0,1,1,104,20160,4,56
4,1,NaN,NaN,NaN,18,2,10,NaN,0,1,1,105,20160,4,NaN
4,1,NaN,NaN,NaN,5,12,0.03,NaN,0,4,1,106,20160,4,50
4,1,NaN,NaN,NaN,5,2,0.00055,NaN,0,1,1,107,20160,4,NaN
4,1,NaN,NaN,NaN,5,2,0.001,NaN,0,1,1,108,20160,4,NaN
4,1,266,NaN,NaN,9,2,0.005,NaN,0,1,1,109,20160,4,NaN
4,1,266,NaN,NaN,9,2,0.005,NaN,0,1,1,110,20160,4,NaN
5,1,NaN,NaN,NaN,1,14,0.00394,0.000275,1,1,1,111,20160,4,10
5,1,NaN,NaN,NaN,1,13,0.00556,0.00031,1,1,1,112,20160,4,20
5,1,NaN,NaN,NaN,1,3,0.0107,0.0004,1,1,1,113,20160,4,50
7,3,NaN,NaN,NaN,9,43,1,NaN,0,1,1,114,21600,5,38
1,1,NaN,NaN,NaN,9,44,1,NaN,0,1,1,115,21600,5,NaN
1,1,NaN,NaN,NaN,9,44,1,NaN,0,1,1,116,21600,5,NaN
2,1,NaN,NaN,NaN,9,45,1,NaN,0,1,1,117,21600,5,69
8,2,NaN,NaN,NaN,1,46,NaN,NaN,NaN,1,1,118,15,1,25
10,7,NaN,NaN,NaN,1,46,NaN,NaN,NaN,1,1,119,15,1,25
10,1,NaN,NaN,NaN,1,3,NaN,NaN,NaN,1,1,120,15,1,50
1,1,NaN,NaN,NaN,1,3,0.0108,NaN,0,1,1,121,15,1,50
1,1,177,173,181,1,1,0.0798,0.0013,0,1,1,122,15,1,50
3,1,NaN,NaN,NaN,1,3,NaN,NaN,NaN,1,1,123,15,1,50
3,12,NaN,NaN,NaN,1,47,0.064,NaN,0,12,1,124,15,1,80
4,1,NaN,NaN,NaN,1,3,NaN,NaN,NaN,1,1,125,15,1,50
4,1,NaN,NaN,NaN,1,46,NaN,NaN,NaN,NaN,NaN,126,15,1,25
4,12,NaN,NaN,NaN,1,48,1.12,NaN,0,12,1,127,15,1,21
4,1,1425,NaN,NaN,1,13,NaN,NaN,1,1,1,128,15,1,20
4,1,1425,NaN,NaN,1,13,17.58,NaN,0,1,1,129,15,1,20
4,1,1425,NaN,NaN,1,3,48.04,NaN,0,1,1,130,15,1,50
4,1,1425,NaN,NaN,1,13,NaN,NaN,1,1,1,131,15,1,20
4,1,1425,NaN,NaN,1,3,NaN,NaN,1,1,1,132,15,1,50
11,13,NaN,NaN,NaN,1,3,0.24,NaN,0,15,1,133,15,1,50
2,1,140,133,147,1,1,0.0093,0.0013,0,1,1,134,15,1,50
2,1,40,39,41,1,2,0.0138,0.0015,0,1,1,135,15,1,NaN
4,1,300,NaN,NaN,11,49,0.3,NaN,0,4,1,136,NaN,NaN,13
4,1,300,NaN,NaN,11,50,0.3,NaN,0,4,1,137,NaN,NaN,27
4,1,300,NaN,NaN,11,51,0.3,NaN,0,4,1,138,NaN,NaN,11
6,1,2,-1,5,19,38,0.03606,NaN,0,1,1,139,10080,4,NaN
6,1,2,-1,5,19,2,0.01,NaN,0,1,1,140,10080,4,NaN
6,1,2,-1,5,19,12,0.05335,NaN,0,1,1,141,10080,4,50
6,1,2,-1,5,19,2,NaN,NaN,NaN,1,1,142,10080,4,NaN
4,1,0,-9999,9999,20,52,0.0001,NaN,0,1,1,143,24480,5,14
4,1,0,-9999,9999,20,9,0.01,NaN,0,1,1,144,24480,5,25
2,1,NaN,NaN,NaN,1,53,NaN,NaN,NaN,3,2,145,2.5344e+05,5,25
3,1,38.3,NaN,NaN,21,54,1e-09,NaN,0,7,3,146,25920,5,NaN
2,1,NaN,NaN,NaN,12,24,0.00014,NaN,0,8,3,147,1080,2,30
10,7,NaN,NaN,NaN,1,3,NaN,NaN,NaN,1,1,148,1080,2,50
4,1,NaN,NaN,NaN,1,3,NaN,NaN,NaN,NaN,NaN,149,1080,2,50
8,2,NaN,NaN,NaN,1,3,NaN,NaN,NaN,1,1,150,1080,2,50
4,1,0,-9999,9999,11,2,0.1,NaN,0,1,1,151,2880,3,NaN
8,1,NaN,NaN,NaN,8,2,1,NaN,0,14,2,152,2880,3,NaN
7,1,NaN,NaN,NaN,8,2,1,NaN,0,14,2,153,2880,3,NaN
10,1,NaN,NaN,NaN,8,2,1,NaN,0,14,2,154,2880,3,NaN
12,1,NaN,NaN,NaN,1,38,NaN,NaN,NaN,1,1,155,120,2,NaN
12,1,NaN,NaN,NaN,1,38,NaN,NaN,NaN,1,1,156,120,2,NaN
12,1,NaN,NaN,NaN,1,38,NaN,NaN,NaN,1,1,157,120,2,NaN
12,1,NaN,NaN,NaN,1,38,NaN,NaN,NaN,1,1,158,120,2,NaN
12,1,NaN,NaN,NaN,1,38,NaN,NaN,NaN,1,1,159,120,2,NaN
12,1,NaN,NaN,NaN,1,38,3.882,1.18,0,1,1,160,120,2,NaN
1,1,NaN,NaN,NaN,1,38,0.0672,0.026,0,1,1,161,120,2,NaN
1,1,NaN,NaN,NaN,1,38,0.0891,0.013,0,1,1,162,120,2,NaN
1,1,NaN,NaN,NaN,1,38,0.0824,0.032,0,1,1,163,120,2,NaN
1,1,NaN,NaN,NaN,1,38,0.0868,0.033,0,1,1,164,120,2,NaN
1,1,NaN,NaN,NaN,1,38,0.00691,0.0031,0,1,1,165,120,2,NaN
1,1,NaN,NaN,NaN,1,38,0.00554,0.0036,0,1,1,166,120,2,NaN
1,1,NaN,NaN,NaN,1,38,64,NaN,0,6,4,167,120,2,NaN
1,1,NaN,NaN,NaN,1,38,185,NaN,0,6,4,168,120,2,NaN
3,1,0,-9999,9999,11,37,0.0001,NaN,0,8,3,169,120,2,NaN
3,1,0,-9999,9999,11,37,0.0001,NaN,0,8,3,170,120,2,NaN
3,1,0,-9999,9999,11,55,0.0002,NaN,0,8,3,171,120,2,NaN
3,1,0,-9999,9999,11,55,0.0002,NaN,0,8,3,172,120,2,NaN
2,1,NaN,NaN,NaN,1,38,0.0459,0.01,0,1,1,173,120,2,NaN
2,1,NaN,NaN,NaN,1,38,0.0309,0.0018,0,1,1,174,120,2,NaN
2,1,NaN,NaN,NaN,1,38,0.0188,0.0058,0,1,1,175,120,2,NaN
2,1,NaN,NaN,NaN,1,38,0.0197,0.0094,0,1,1,176,120,2,NaN
2,1,NaN,NaN,NaN,1,38,0.00379,0.0018,0,1,1,177,120,2,NaN
2,1,NaN,NaN,NaN,1,38,0.00311,0.0013,0,1,1,178,120,2,NaN
2,1,147,NaN,NaN,22,3,NaN,NaN,1,1,1,179,120,2,50
2,7,NaN,NaN,NaN,1,2,2.5e-06,NaN,0,8,3,180,120,2,NaN
2,7,NaN,NaN,NaN,1,11,2.5e-06,NaN,0,8,3,181,120,2,75
2,7,NaN,NaN,NaN,1,56,5e-06,NaN,0,8,3,182,120,2,84
2,7,NaN,NaN,NaN,1,10,5e-06,NaN,0,8,3,183,120,2,90
2,7,NaN,NaN,NaN,1,2,2.5e-06,NaN,0,8,3,184,120,2,NaN
2,7,NaN,NaN,NaN,1,57,5e-06,NaN,0,8,3,185,120,2,36
2,7,NaN,NaN,NaN,1,58,5e-06,NaN,0,8,3,186,120,2,55
2,7,NaN,NaN,NaN,1,59,2.5e-06,NaN,0,8,3,187,120,2,51
2,7,NaN,NaN,NaN,1,60,5e-06,NaN,0,8,3,188,120,2,45
2,7,NaN,NaN,NaN,1,39,2.5e-06,NaN,0,8,3,189,120,2,83
2,7,NaN,NaN,NaN,1,61,5e-06,NaN,0,8,3,190,120,2,88
2,7,NaN,NaN,NaN,1,61,2.5e-06,NaN,0,8,3,191,120,2,88
2,7,NaN,NaN,NaN,1,62,5e-06,NaN,0,8,3,192,120,2,92
2,7,NaN,NaN,NaN,1,63,2.5e-06,NaN,0,8,3,193,120,2,99
2,7,NaN,NaN,NaN,1,64,5e-06,NaN,0,8,3,194,120,2,78
2,7,NaN,NaN,NaN,1,65,2.5e-06,NaN,0,8,3,195,120,2,48
2,7,NaN,NaN,NaN,1,66,2.5e-06,NaN,0,8,3,196,120,2,89
2,7,NaN,NaN,NaN,1,67,5e-06,NaN,0,8,3,197,120,2,65
2,7,NaN,NaN,NaN,1,56,5e-06,NaN,0,8,3,198,120,2,84
2,7,NaN,NaN,NaN,1,11,2.5e-06,NaN,0,8,3,199,120,2,75
2,7,NaN,NaN,NaN,1,61,5e-06,NaN,0,8,3,200,120,2,88
2,7,NaN,NaN,NaN,1,39,2.5e-06,NaN,0,8,3,201,120,2,83
2,7,NaN,NaN,NaN,1,66,5e-06,NaN,0,8,3,202,120,2,89
2,7,NaN,NaN,NaN,1,56,2.5e-06,NaN,0,8,3,203,120,2,84
2,7,NaN,NaN,NaN,1,68,5e-06,NaN,0,8,3,204,120,2,91
2,7,NaN,NaN,NaN,1,69,2.5e-06,NaN,0,8,3,205,120,2,39
2,7,NaN,NaN,NaN,1,70,5e-06,NaN,0,8,3,206,120,2,77
2,7,NaN,NaN,NaN,1,71,2.5e-06,NaN,0,8,3,207,120,2,64
2,7,NaN,NaN,NaN,1,10,5e-06,NaN,0,8,3,208,120,2,90
2,7,NaN,NaN,NaN,1,66,2.5e-06,NaN,0,8,3,209,120,2,89
2,7,NaN,NaN,NaN,1,33,5e-06,NaN,0,8,3,210,120,2,97
2,1,NaN,NaN,NaN,20,2,5e-06,NaN,0,5,1,211,120,2,NaN
2,1,NaN,NaN,NaN,20,72,5e-05,NaN,0,5,1,212,120,2,66
2,1,NaN,NaN,NaN,20,28,0.0005,NaN,0,5,1,213,120,2,100
2,7,229,221,237,1,73,0.00026,1e-05,0,2,1,214,120,2,NaN
2,7,229,221,237,1,74,0.00055,6e-05,0,2,1,215,120,2,NaN
2,7,229,221,237,1,75,0.00075,7e-05,0,2,1,216,120,2,NaN
2,7,229,221,237,1,76,0.001,7e-05,0,2,1,217,120,2,39.6
2,7,229,221,237,1,77,0.00026,1e-05,0,2,1,218,120,2,NaN
2,7,229,221,237,1,78,0.00055,6e-05,0,2,1,219,120,2,NaN
2,7,229,221,237,1,79,0.00075,7e-05,0,2,1,220,120,2,NaN
2,7,229,221,237,1,80,0.001,7e-05,0,2,1,221,120,2,31.5
2,7,229,221,237,1,81,0.00026,1e-05,0,2,1,222,120,2,NaN
2,7,229,221,237,1,82,0.00055,6e-05,0,2,1,223,120,2,NaN
2,7,229,221,237,1,83,0.00075,7e-05,0,2,1,224,120,2,NaN
2,7,229,221,237,1,84,0.001,7e-05,0,2,1,225,120,2,NaN
4,1,NaN,NaN,NaN,1,38,NaN,NaN,NaN,1,1,226,120,2,NaN
4,1,NaN,NaN,NaN,1,38,NaN,NaN,NaN,1,1,227,120,2,NaN
4,1,NaN,NaN,NaN,1,38,NaN,NaN,NaN,1,1,228,120,2,NaN
4,1,NaN,NaN,NaN,1,38,NaN,NaN,NaN,1,1,229,120,2,NaN
4,1,NaN,NaN,NaN,1,38,NaN,NaN,NaN,1,1,230,120,2,NaN
4,1,NaN,NaN,NaN,1,38,NaN,NaN,NaN,1,1,231,120,2,NaN
5,1,NaN,NaN,NaN,1,38,0.0101,0.00075,0,1,1,232,120,2,NaN
5,1,NaN,NaN,NaN,1,38,0.00673,0.0032,0,1,1,233,120,2,NaN
5,1,NaN,NaN,NaN,1,38,0.00745,0.0014,0,1,1,234,120,2,NaN
5,1,NaN,NaN,NaN,1,38,0.00985,0.0017,0,1,1,235,120,2,NaN
5,1,NaN,NaN,NaN,1,38,0.00325,0.0015,0,1,1,236,120,2,NaN
5,1,NaN,NaN,NaN,1,38,0.00253,0.0008,0,1,1,237,120,2,NaN
5,1,NaN,NaN,NaN,1,38,35,NaN,0,6,4,238,120,2,NaN
5,1,NaN,NaN,NaN,1,8,200,NaN,0,6,4,239,120,2,NaN
5,1,204,203,205,10,85,0.24,NaN,0,14,2,240,2880,3,NaN
5,1,19,NaN,NaN,10,86,0.24,NaN,0,14,2,241,2880,3,NaN
1,14,NaN,NaN,NaN,9,87,1,NaN,0,3,2,242,NaN,NaN,24
1,14,NaN,NaN,NaN,9,88,1,NaN,0,3,2,243,NaN,NaN,31.5
7,2,239.7,NaN,NaN,9,14,0.4,NaN,0,1,1,244,NaN,NaN,10
7,2,239.7,NaN,NaN,9,51,0.4,NaN,0,1,1,245,NaN,NaN,11
7,2,239.7,NaN,NaN,9,2,0.8,NaN,0,1,1,246,NaN,NaN,NaN
13,7,1.19,NaN,NaN,9,89,NaN,NaN,NaN,NaN,NaN,247,NaN,NaN,NaN
4,1,NaN,NaN,NaN,5,2,0.2,NaN,0,1,1,248,28800,5,NaN
9,3,NaN,NaN,NaN,23,2,0.03,NaN,0,1,1,249,NaN,NaN,NaN
9,3,NaN,NaN,NaN,23,8,0.05,NaN,0,1,1,250,NaN,NaN,NaN
9,3,NaN,NaN,NaN,23,2,0.01,NaN,0,1,1,251,NaN,NaN,NaN
9,3,NaN,NaN,NaN,23,8,0.03,NaN,0,1,1,252,NaN,NaN,NaN
9,3,NaN,NaN,NaN,23,2,0.05,NaN,0,1,1,253,NaN,NaN,NaN
9,3,NaN,NaN,NaN,23,8,0.1,NaN,0,1,1,254,NaN,NaN,NaN
3,1,25,-9999,NaN,23,3,NaN,NaN,NaN,1,1,255,30240,5,50
2,1,588,NaN,NaN,23,3,NaN,NaN,NaN,1,1,256,30240,5,50
3,1,549,NaN,NaN,23,55,0.032,NaN,0,1,1,257,30240,5,NaN
3,1,549,NaN,NaN,23,26,0.056,NaN,0,1,1,258,30240,5,NaN
3,1,549,NaN,NaN,23,38,0.0407,0.00785,1,1,1,259,30240,5,NaN
3,1,549,NaN,NaN,23,55,NaN,NaN,NaN,1,1,260,30240,5,NaN
3,1,549,NaN,NaN,23,26,0.018,NaN,0,1,1,261,30240,5,NaN
3,1,549,NaN,NaN,23,36,NaN,NaN,NaN,1,1,262,30240,5,NaN
3,1,549,NaN,NaN,23,37,0.0118,0.00185,1,1,1,263,30240,5,NaN
3,1,549,NaN,NaN,23,38,0.0205,0.003,1,1,1,264,30240,5,NaN
3,1,500,NaN,NaN,23,55,0.032,NaN,0,1,1,265,30240,5,NaN
3,1,500,NaN,NaN,23,26,0.056,NaN,0,1,1,266,30240,5,NaN
3,1,500,NaN,NaN,23,38,NaN,NaN,NaN,1,1,267,30240,5,NaN
3,1,500,NaN,NaN,23,55,NaN,NaN,NaN,1,1,268,30240,5,NaN
3,1,500,NaN,NaN,23,26,0.018,NaN,0,1,1,269,30240,5,NaN
3,1,500,NaN,NaN,23,36,0.0128,0.0027,1,1,1,270,30240,5,NaN
3,1,500,NaN,NaN,23,37,0.0172,0.00265,1,1,1,271,30240,5,NaN
3,1,500,NaN,NaN,23,38,0.0254,0.00445,1,1,1,272,30240,5,NaN
3,1,425,NaN,NaN,23,55,0.056,NaN,0,1,1,273,30240,5,NaN
3,1,425,NaN,NaN,23,26,0.1,NaN,0,1,1,274,30240,5,NaN
3,1,425,NaN,NaN,23,38,0.0711,0.0109,1,1,1,275,30240,5,NaN
3,1,425,NaN,NaN,23,55,0.018,NaN,0,1,1,276,30240,5,NaN
3,1,425,NaN,NaN,23,26,0.032,NaN,0,1,1,277,30240,5,NaN
3,1,425,NaN,NaN,23,36,NaN,NaN,NaN,1,1,278,30240,5,NaN
3,1,425,NaN,NaN,23,37,NaN,NaN,NaN,1,1,279,30240,5,NaN
3,1,425,NaN,NaN,23,38,0.0427,0.00655,1,1,1,280,30240,5,NaN
2,1,33.8,NaN,NaN,1,2,0.016,NaN,0,1,1,281,30240,5,NaN
2,1,141.8,NaN,NaN,23,2,5.8e-05,NaN,0,5,1,282,30240,5,NaN
2,1,141.8,NaN,NaN,23,90,8.7e-05,NaN,0,5,1,283,30240,5,90
2,1,105.7,NaN,NaN,23,2,2.9e-05,NaN,0,5,1,284,30240,5,NaN
2,1,105.7,NaN,NaN,23,91,5e-05,NaN,0,5,1,285,30240,5,100
2,1,50.7,NaN,NaN,23,2,3.7e-05,NaN,0,5,1,286,30240,5,NaN
2,1,50.7,NaN,NaN,23,92,7.4e-05,NaN,0,5,1,287,30240,5,20
2,1,50.7,NaN,NaN,23,91,0.000148,NaN,0,5,1,288,30240,5,100
2,1,50.7,NaN,NaN,23,2,3.7e-05,NaN,0,5,1,289,30240,5,NaN
2,1,50.7,NaN,NaN,23,93,7.4e-05,NaN,0,5,1,290,30240,5,30
2,1,50.7,NaN,NaN,23,91,0.000148,NaN,0,5,1,291,30240,5,100
2,1,141.8,NaN,NaN,23,2,8.7e-05,NaN,0,5,1,292,30240,5,NaN
2,1,105.7,NaN,NaN,23,2,2.5e-05,NaN,0,5,1,293,30240,5,NaN
2,1,105.7,NaN,NaN,23,94,2.9e-05,NaN,0,5,1,294,30240,5,23
2,1,50.7,NaN,NaN,23,2,0.000148,NaN,0,5,1,295,30240,5,NaN
2,1,50.7,NaN,NaN,23,2,3.7e-05,NaN,0,5,1,296,30240,5,NaN
2,1,50.7,NaN,NaN,23,35,7.4e-05,NaN,0,5,1,297,30240,5,43
2,7,57.6,56.4,58.8,23,14,NaN,NaN,NaN,5,1,298,30240,5,10
2,7,57.6,56.4,58.8,23,14,NaN,NaN,NaN,5,1,299,30240,5,10
2,7,57.6,56.4,58.8,23,14,NaN,NaN,NaN,5,1,300,30240,5,10
2,1,0,-9999,9999,23,3,1e-06,0,0,5,1,301,30240,5,50
4,1,NaN,NaN,NaN,23,95,0.005,NaN,0,1,1,302,30240,5,70
4,1,NaN,NaN,NaN,23,29,0.01,NaN,0,1,1,303,30240,5,80
4,1,NaN,NaN,NaN,23,3,0.00046,NaN,0,1,1,304,30240,5,50
4,1,NaN,NaN,NaN,23,12,0.00262,NaN,0,1,1,305,30240,5,50
4,1,NaN,NaN,NaN,23,91,0.001,NaN,0,16,3,306,30240,5,100
5,15,NaN,NaN,NaN,9,96,0.005,NaN,0,1,1,307,30240,5,NaN
5,15,NaN,NaN,NaN,9,97,0.05,NaN,0,1,1,308,30240,5,18
11,1,NaN,NaN,NaN,1,2,0.018,NaN,0,1,1,309,30240,5,NaN
2,1,NaN,NaN,NaN,1,3,9e-14,3e-15,0,17,3,310,1260,2,50
3,1,1000,NaN,9999,23,2,1,NaN,0,1,1,311,1440,2,NaN
4,1,0,-9999,9999,23,2,0.25,NaN,0,1,1,312,1440,2,NaN
2,1,12.9,NaN,NaN,5,12,0.0001744,2.455e-05,1,5,1,313,1440,2,50
2,1,35,NaN,NaN,5,12,9.2e-05,8.4e-06,1,5,1,314,1440,2,50
2,1,40.6,NaN,NaN,5,12,0.0001134,1.78e-05,1,5,1,315,1440,2,50
2,1,10.9,NaN,NaN,5,12,0.000104,1.295e-05,1,5,1,316,1440,2,50
7,16,NaN,NaN,NaN,1,98,0.1,NaN,0,1,1,317,1440,2,60
7,16,NaN,NaN,NaN,1,2,0.1,NaN,0,1,1,318,1440,2,NaN
7,3,NaN,NaN,NaN,23,3,0.0251,0.0021,1,1,1,319,1440,2,50
7,3,NaN,NaN,NaN,23,3,0.017,0.0024,1,1,1,320,1440,2,50
7,3,NaN,NaN,NaN,23,3,0.013,0.0017,1,1,1,321,1440,2,50
7,3,NaN,NaN,NaN,23,3,0.0096,0.0009,1,1,1,322,1440,2,50
10,1,NaN,NaN,NaN,23,8,5e-05,NaN,0,4,1,323,1440,2,NaN
10,1,NaN,NaN,NaN,23,11,0.005,NaN,0,4,1,324,1440,2,75
10,1,NaN,NaN,NaN,23,2,0.0075,NaN,0,4,1,325,1440,2,NaN
10,1,NaN,NaN,NaN,23,24,0.1,NaN,0,4,1,326,1440,2,30
10,1,NaN,NaN,NaN,17,2,0.005,NaN,0,1,1,327,1440,2,NaN
10,1,NaN,NaN,NaN,17,99,0.005,NaN,0,1,1,328,1440,2,44
1,1,NaN,NaN,NaN,23,100,0.00018,3e-05,0,1,1,329,1440,2,NaN
1,1,NaN,NaN,NaN,23,101,0.00012,4e-05,0,1,1,330,1440,2,NaN
1,1,NaN,NaN,NaN,23,2,3e-05,NaN,0,1,1,331,1440,2,NaN
1,1,NaN,NaN,NaN,21,12,0.0022,NaN,0,1,1,332,1440,2,50
1,1,NaN,NaN,NaN,23,38,0.00014,2e-05,0,1,1,333,1440,2,NaN
1,1,NaN,NaN,NaN,23,38,0.0011,0.00023,0,1,1,334,1440,2,NaN
1,1,NaN,NaN,NaN,23,38,0.006,0.00071,0,1,1,335,1440,2,NaN
1,1,NaN,NaN,NaN,23,38,0.0036,0.00074,0,1,1,336,1440,2,NaN
1,1,NaN,NaN,NaN,23,38,0.0015,0.00032,0,1,1,337,1440,2,NaN
1,1,NaN,NaN,NaN,23,38,0.0053,0.0005,0,1,1,338,1440,2,NaN
1,1,NaN,NaN,NaN,23,38,0.0014,0.00035,0,1,1,339,1440,2,NaN
1,1,NaN,NaN,NaN,24,38,0.0094,0.003,0,1,1,340,1440,2,NaN
1,1,NaN,NaN,NaN,24,38,0.0164,0.00041,0,1,1,341,1440,2,NaN
1,1,NaN,NaN,NaN,24,38,0.0124,0.00075,0,1,1,342,1440,2,NaN
1,1,NaN,NaN,NaN,24,38,0.0265,0.00252,0,1,1,343,1440,2,NaN
1,17,71.11,NaN,NaN,10,102,0.007,NaN,0,2,1,344,1440,2,10
1,17,71.11,NaN,NaN,10,103,0.035,NaN,0,2,1,345,1440,2,25
1,17,71.11,NaN,NaN,10,12,0.145,NaN,0,2,1,346,1440,2,50
3,1,746,NaN,NaN,23,55,NaN,NaN,NaN,1,1,347,1440,2,NaN
3,1,758,NaN,NaN,23,55,NaN,NaN,NaN,1,1,348,1440,2,NaN
3,1,467,NaN,NaN,23,55,NaN,NaN,NaN,1,1,349,1440,2,NaN
3,1,NaN,NaN,NaN,21,2,0.001,NaN,0,1,1,350,1440,2,NaN
3,1,NaN,NaN,NaN,21,2,0.001,NaN,0,1,1,351,1440,2,NaN
3,1,NaN,NaN,NaN,21,104,0.001,NaN,0,1,1,352,1440,2,28
3,1,NaN,NaN,NaN,21,51,0.001,NaN,0,1,1,353,1440,2,11
3,1,NaN,NaN,NaN,21,105,0.001,NaN,0,1,1,354,1440,2,NaN
3,1,NaN,NaN,NaN,21,2,0.001,NaN,0,1,1,355,1440,2,NaN
3,1,180,NaN,NaN,2,3,NaN,NaN,NaN,1,1,356,1440,2,50
3,1,2632,NaN,NaN,2,3,NaN,NaN,NaN,1,1,357,1440,2,50
3,1,155,NaN,NaN,2,36,NaN,NaN,NaN,1,1,358,1440,2,NaN
3,1,155,NaN,NaN,2,3,NaN,NaN,NaN,1,1,359,1440,2,50
3,1,235,NaN,NaN,2,3,NaN,NaN,NaN,1,1,360,1440,2,50
3,1,2285,NaN,NaN,2,3,NaN,NaN,NaN,1,1,361,1440,2,50
3,1,184,NaN,NaN,2,36,NaN,NaN,NaN,1,1,362,1440,2,NaN
3,1,184,NaN,NaN,2,3,NaN,NaN,NaN,1,1,363,1440,2,50
3,1,658,NaN,NaN,2,3,NaN,NaN,NaN,1,1,364,1440,2,50
3,1,1081,NaN,NaN,2,3,NaN,NaN,NaN,1,1,365,1440,2,50
3,1,164,NaN,NaN,2,36,NaN,NaN,NaN,1,1,366,1440,2,NaN
3,1,164,NaN,NaN,2,3,NaN,NaN,NaN,1,1,367,1440,2,50
3,1,223,NaN,NaN,2,3,NaN,NaN,NaN,1,1,368,1440,2,50
3,1,2223,NaN,NaN,2,3,NaN,NaN,NaN,1,1,369,1440,2,50
3,1,185,NaN,NaN,2,36,NaN,NaN,NaN,1,1,370,1440,2,NaN
3,1,185,NaN,NaN,2,3,NaN,NaN,NaN,1,1,371,1440,2,50
3,1,NaN,NaN,NaN,8,23,0.001,NaN,0,1,1,372,1440,2,15
3,1,NaN,NaN,NaN,8,36,0.001,NaN,0,1,1,373,1440,2,NaN
3,1,NaN,NaN,NaN,8,2,0.001,NaN,0,1,1,374,1440,2,NaN
3,1,NaN,NaN,NaN,8,2,0.001,NaN,0,1,1,375,1440,2,NaN
2,1,NaN,NaN,NaN,1,30,NaN,NaN,NaN,1,1,376,1440,2,NaN
2,1,NaN,NaN,NaN,1,30,NaN,NaN,NaN,1,1,377,1440,2,NaN
2,1,NaN,NaN,NaN,1,2,0.002,NaN,0,1,1,378,1440,2,NaN
2,1,NaN,NaN,NaN,1,2,0.002,NaN,0,1,1,379,1440,2,NaN
2,18,NaN,NaN,NaN,23,3,NaN,NaN,NaN,1,1,380,1440,2,50
2,7,NaN,NaN,NaN,23,3,NaN,NaN,NaN,1,1,381,1440,2,50
2,7,NaN,NaN,NaN,23,3,NaN,NaN,NaN,1,1,382,1440,2,50
2,7,NaN,NaN,NaN,23,3,NaN,NaN,NaN,1,1,383,1440,2,50
2,7,NaN,NaN,NaN,23,3,NaN,NaN,NaN,1,1,384,1440,2,50
2,1,0,-9999,9999,1,2,2e-05,NaN,0,5,1,385,1440,2,NaN
2,1,0,-9999,9999,1,24,0.0002,NaN,0,5,1,386,1440,2,30
2,1,0,-9999,9999,1,106,0.002,NaN,0,5,1,387,1440,2,41
2,1,0,-9999,9999,1,2,2e-05,NaN,0,5,1,388,1440,2,NaN
2,1,0,-9999,9999,1,30,0.0002,NaN,0,5,1,389,1440,2,NaN
2,1,0,-9999,9999,1,107,0.002,NaN,0,5,1,390,1440,2,42
2,1,1428,NaN,NaN,23,3,0.0038441,1.61e-05,1,5,1,391,1440,2,50
2,1,1428,NaN,NaN,23,3,5e-06,NaN,0,5,1,392,1440,2,50
2,1,865.4,NaN,NaN,23,3,0.0011539,NaN,0,5,1,393,1440,2,50
2,1,865.4,NaN,NaN,23,3,2.8e-06,NaN,0,5,1,394,1440,2,50
2,1,616.6,NaN,NaN,23,3,0.0005315,NaN,0,5,1,395,1440,2,50
2,1,616.6,NaN,NaN,23,3,2.1e-06,NaN,0,5,1,396,1440,2,50
2,1,147.7,NaN,NaN,23,3,1.43e-05,NaN,0,5,1,397,1440,2,50
2,1,147.7,NaN,NaN,23,3,3.9e-06,NaN,0,5,1,398,1440,2,50
2,1,168.9,NaN,NaN,23,3,1.18e-05,NaN,0,5,1,399,1440,2,50
2,1,168.9,NaN,NaN,23,3,3.3e-06,NaN,0,5,1,400,1440,2,50
2,1,173.9,NaN,NaN,23,3,1.24e-05,NaN,0,5,1,401,1440,2,50
2,1,173.9,NaN,NaN,23,3,2.7e-06,NaN,0,5,1,402,1440,2,50
2,1,616.6,NaN,NaN,23,3,0.0019911,6e-07,1,5,1,403,1440,2,50
2,1,616.6,NaN,NaN,23,3,2.9e-06,NaN,0,5,1,404,1440,2,50
2,1,168.9,NaN,NaN,23,3,9.6e-06,NaN,0,5,1,405,1440,2,50
2,1,168.9,NaN,NaN,23,3,3.1e-06,NaN,0,5,1,406,1440,2,50
2,1,616.6,NaN,NaN,23,3,0.0014078,1.06e-05,1,5,1,407,1440,2,50
2,1,616.6,NaN,NaN,23,3,3e-06,NaN,0,5,1,408,1440,2,50
2,1,168.9,NaN,NaN,23,3,9e-06,NaN,0,5,1,409,1440,2,50
2,1,168.9,NaN,NaN,23,3,2.7e-06,NaN,0,5,1,410,1440,2,50
2,1,3411,NaN,NaN,23,3,0.0014046,NaN,0,5,1,411,1440,2,50
2,1,3411,NaN,NaN,23,3,2.7e-06,NaN,0,5,1,412,1440,2,50
2,1,786,NaN,NaN,23,3,4.2e-06,NaN,0,5,1,413,1440,2,50
2,1,786,NaN,NaN,23,3,3e-06,NaN,0,5,1,414,1440,2,50
2,1,NaN,NaN,NaN,9,8,0.025,NaN,0,2,1,415,1440,2,NaN
2,1,NaN,NaN,NaN,9,8,0.025,NaN,0,2,1,416,1440,2,NaN
2,1,NaN,NaN,NaN,9,8,5e-05,NaN,0,5,1,417,1440,2,NaN
2,1,NaN,NaN,NaN,9,8,0.025,NaN,0,2,1,418,1440,2,NaN
2,1,147,NaN,NaN,22,3,NaN,NaN,1,1,1,419,1440,2,50
2,1,50.7,NaN,NaN,23,12,0.000189,3.838e-05,0,5,1,420,1440,2,50
2,1,50.7,NaN,NaN,23,12,0.000132,3.04e-05,0,5,1,421,1440,2,50
2,1,50.7,NaN,NaN,23,12,0.000109,8e-06,0,5,1,422,1440,2,50
2,1,50.7,NaN,NaN,23,12,0.000185,1.02e-05,0,5,1,423,1440,2,50
2,1,105.7,NaN,NaN,23,12,2e-05,4e-07,0,5,1,424,1440,2,50
2,1,105.7,NaN,NaN,23,12,5.55e-05,3.9e-06,0,5,1,425,1440,2,50
2,1,105.7,NaN,NaN,23,12,7.33e-05,1.81e-05,0,5,1,426,1440,2,50
2,1,105.7,NaN,NaN,23,12,0.000176,3.31e-05,0,5,1,427,1440,2,50
2,1,NaN,NaN,NaN,8,2,0.001,NaN,0,1,1,428,1440,2,NaN
2,1,0,-9999,9999,21,2,0.0005,NaN,0,1,1,429,1440,2,NaN
2,1,0,-9999,9999,21,2,0.0005,NaN,0,1,1,430,1440,2,NaN
2,1,0,-9999,9999,21,2,0.0005,NaN,0,1,1,431,1440,2,NaN
2,1,0,-9999,9999,21,2,0.0005,NaN,0,1,1,432,1440,2,NaN
2,1,0,-9999,9999,21,2,0.0005,NaN,0,1,1,433,1440,2,NaN
2,1,0,-9999,9999,21,2,0.0005,NaN,0,1,1,434,1440,2,NaN
2,1,0,-9999,9999,21,2,0.0005,NaN,0,1,1,435,1440,2,NaN
2,1,0,-9999,9999,21,2,0.0005,NaN,0,1,1,436,1440,2,NaN
2,1,NaN,NaN,NaN,18,2,0.01,NaN,0,1,1,437,1440,2,NaN
2,1,NaN,NaN,NaN,18,34,0.1,NaN,0,1,1,438,1440,2,40
2,1,NaN,NaN,NaN,18,2,0.01,NaN,0,1,1,439,1440,2,NaN
2,1,NaN,NaN,NaN,18,3,0.1,NaN,0,1,1,440,1440,2,50
2,1,NaN,NaN,NaN,18,2,0.005,NaN,0,1,1,441,1440,2,NaN
2,1,NaN,NaN,NaN,18,34,0.01,NaN,0,1,1,442,1440,2,40
2,1,NaN,NaN,NaN,18,29,0.02,NaN,0,1,1,443,1440,2,80
2,1,0,-9999,9999,8,2,0.002,NaN,0,1,1,444,1440,2,NaN
2,1,984.1,NaN,NaN,1,3,0.06719,0.00948,0,1,1,445,1440,2,50
2,19,NaN,NaN,NaN,8,12,0.000891,0.0007985,1,1,1,446,1440,2,50
2,19,NaN,NaN,NaN,8,90,0.006291,0.003252,1,1,1,447,1440,2,90
2,19,NaN,NaN,NaN,8,12,0.000585,0.0001005,1,1,1,448,1440,2,50
2,19,NaN,NaN,NaN,8,90,NaN,NaN,1,1,1,449,1440,2,90
2,20,0,-9999,9999,23,8,1.125e-05,NaN,0,5,1,450,1440,2,NaN
2,20,10,5,15,23,8,2.5e-06,NaN,0,5,1,451,1440,2,NaN
2,20,10,5,15,23,3,7.46e-06,6.45e-07,1,5,1,452,1440,2,50
2,20,10,5,15,23,28,1e-05,NaN,0,5,1,453,1440,2,100
2,1,100,NaN,NaN,23,2,1e-07,NaN,0,5,1,454,1440,2,NaN
2,1,100,NaN,NaN,23,13,1e-06,NaN,0,5,1,455,1440,2,20
2,1,100,NaN,NaN,23,28,2e-06,NaN,0,5,1,456,1440,2,100
2,21,NaN,NaN,NaN,23,12,NaN,NaN,1,5,1,457,1440,2,50
2,21,NaN,NaN,NaN,23,12,0.0002339,2.355e-05,1,5,1,458,1440,2,50
2,21,NaN,NaN,NaN,23,12,0.000155,1.435e-05,1,5,1,459,1440,2,50
2,21,NaN,NaN,NaN,23,12,0.000522,0.00011715,1,5,1,460,1440,2,50
2,21,NaN,NaN,NaN,23,12,NaN,NaN,1,5,1,461,1440,2,50
2,21,NaN,NaN,NaN,23,12,NaN,NaN,1,5,1,462,1440,2,50
2,21,NaN,NaN,NaN,23,12,NaN,NaN,1,5,1,463,1440,2,50
2,21,NaN,NaN,NaN,23,12,NaN,NaN,1,5,1,464,1440,2,50
2,7,17,11,23,1,108,0.0018,NaN,0,1,1,465,1440,2,10
2,7,17,11,23,1,1,0.0064,NaN,0,1,1,466,1440,2,50
2,7,41,22,60,1,108,0.008,NaN,0,1,1,467,1440,2,10
2,7,41,22,60,1,1,0.0157,NaN,0,1,1,468,1440,2,50
2,7,65.5,30.5,100.5,1,108,0.0185,NaN,0,1,1,469,1440,2,10
2,7,65.5,30.5,100.5,1,1,0.0409,NaN,0,1,1,470,1440,2,50
2,1,85.8,15.8,155.8,1,108,0.0038,NaN,0,1,1,471,1440,2,10
2,1,85.8,15.8,155.8,1,1,0.0055,NaN,0,1,1,472,1440,2,50
2,1,78.5,36.5,120.5,1,108,0.0014,NaN,0,1,1,473,1440,2,10
2,1,78.5,36.5,120.5,1,1,0.0022,NaN,0,1,1,474,1440,2,50
2,1,201,NaN,NaN,1,109,0.085,NaN,0,2,1,475,1440,2,NaN
2,1,201,NaN,NaN,1,109,0.0212,NaN,0,2,1,476,1440,2,NaN
2,1,201,NaN,NaN,1,109,0.085,NaN,0,2,1,477,1440,2,NaN
2,1,201,NaN,NaN,1,109,0.0212,NaN,0,2,1,478,1440,2,NaN
2,1,201,NaN,NaN,1,109,0.0053,NaN,0,2,1,479,1440,2,NaN
2,1,201,NaN,NaN,1,109,0.0053,NaN,0,2,1,480,1440,2,NaN
2,1,201,NaN,NaN,1,109,0.0106,NaN,0,2,1,481,1440,2,NaN
2,1,NaN,NaN,NaN,20,2,5e-06,NaN,0,5,1,482,1440,2,NaN
2,1,NaN,NaN,NaN,20,110,5e-05,NaN,0,5,1,483,1440,2,86
2,1,NaN,NaN,NaN,20,28,0.0005,NaN,0,5,1,484,1440,2,100
2,7,NaN,NaN,NaN,23,111,2e-09,NaN,0,7,3,485,1440,2,NaN
2,7,NaN,NaN,NaN,23,112,4e-09,NaN,0,7,3,486,1440,2,33.3
2,7,NaN,NaN,NaN,23,113,6e-09,NaN,0,7,3,487,1440,2,36.6
2,7,NaN,NaN,NaN,23,114,8e-09,NaN,0,7,3,488,1440,2,43.3
2,7,NaN,NaN,NaN,23,115,1e-08,NaN,0,7,3,489,1440,2,53.3
2,7,NaN,NaN,NaN,23,116,1.2e-08,NaN,0,7,3,490,1440,2,66.6
2,1,0,-9999,9999,23,12,1.141e-05,9.8e-07,0,5,1,491,1440,2,50
2,1,0,-9999,9999,23,12,8.184e-05,2.17e-06,0,5,1,492,1440,2,50
2,1,0,-9999,9999,23,3,1.364e-05,1.85e-06,0,5,1,493,1440,2,50
4,1,NaN,NaN,NaN,25,2,0.001,NaN,0,1,1,494,1440,2,NaN
4,1,NaN,NaN,NaN,25,2,0.001,NaN,0,1,1,495,1440,2,NaN
4,1,NaN,NaN,NaN,23,2,0.08,NaN,0,1,1,496,1440,2,NaN
4,1,NaN,NaN,NaN,23,92,0.25,NaN,0,1,1,497,1440,2,20
4,1,NaN,NaN,NaN,23,100,NaN,NaN,NaN,1,1,498,1440,2,NaN
4,1,NaN,NaN,NaN,23,101,NaN,NaN,NaN,1,1,499,1440,2,NaN
4,1,NaN,NaN,NaN,23,2,NaN,NaN,NaN,1,1,500,1440,2,NaN
4,1,0,-9999,9999,26,2,0.025,NaN,0,1,1,501,1440,2,NaN
4,1,0,-9999,9999,26,2,0.005,NaN,0,1,1,502,1440,2,NaN
4,1,0,-9999,9999,21,12,0.0799,NaN,0,1,1,503,1440,2,50
4,7,NaN,NaN,NaN,1,58,0.1,NaN,0,1,1,504,1440,2,55
4,7,NaN,NaN,NaN,1,21,0.1,NaN,0,1,1,505,1440,2,85
4,7,0,-9999,9999,1,117,0.1,NaN,0,1,1,506,1440,2,73
4,7,NaN,NaN,NaN,1,2,0.1,NaN,0,1,1,507,1440,2,NaN
4,7,NaN,NaN,NaN,1,65,0.1,NaN,0,1,1,508,1440,2,48
4,16,NaN,NaN,NaN,1,2,0.5,NaN,0,1,1,509,1440,2,NaN
4,7,NaN,NaN,NaN,1,2,0.5,NaN,0,1,1,510,1440,2,NaN
4,7,NaN,NaN,NaN,1,2,0.5,NaN,0,1,1,511,1440,2,NaN
4,7,0,-9999,9999,1,2,0.5,NaN,0,1,1,512,1440,2,NaN
4,7,NaN,NaN,NaN,1,2,0.5,NaN,0,1,1,513,1440,2,NaN
4,7,NaN,NaN,NaN,1,2,0.5,NaN,0,1,1,514,1440,2,NaN
4,16,NaN,NaN,NaN,1,2,0.5,NaN,0,1,1,515,1440,2,NaN
4,1,NaN,NaN,NaN,21,96,0.001,NaN,0,1,1,516,1440,2,NaN
4,1,NaN,NaN,NaN,21,2,0.001,NaN,0,1,1,517,1440,2,NaN
4,1,NaN,NaN,NaN,21,48,0.001,NaN,0,1,1,518,1440,2,21
4,1,NaN,NaN,NaN,21,2,0.001,NaN,0,1,1,519,1440,2,NaN
4,1,NaN,NaN,NaN,21,118,0.001,NaN,0,1,1,520,1440,2,30
4,1,NaN,NaN,NaN,21,102,0.001,NaN,0,1,1,521,1440,2,10
4,1,94,NaN,NaN,23,2,0.008,NaN,0,1,1,522,1440,2,NaN
4,22,NaN,NaN,NaN,8,119,0.00709,0.000965,1,1,1,523,1440,2,50
4,22,NaN,NaN,NaN,8,119,0.00656,0.001195,1,1,1,524,1440,2,50
4,1,578.2,525.3,631.1,23,3,NaN,NaN,NaN,1,1,525,1440,2,50
4,1,1373.3,1013.1,1733.5,23,3,NaN,NaN,NaN,1,1,526,1440,2,50
4,1,1715,735,2695,23,3,NaN,NaN,1,1,1,527,1440,2,50
4,1,3711.2,-1168.6,8591,23,3,NaN,NaN,1,1,1,528,1440,2,50
4,1,578.2,525.3,631.1,23,3,NaN,NaN,NaN,1,1,529,1440,2,50
4,1,1373.3,1013.1,1733.5,23,3,NaN,NaN,NaN,1,1,530,1440,2,50
4,1,1715,735,2695,23,3,NaN,NaN,1,1,1,531,1440,2,50
4,1,3711.2,-1168.6,8591,23,3,NaN,NaN,1,1,1,532,1440,2,50
4,1,5580,NaN,NaN,1,3,0.17791,0.01987,0,1,1,533,1440,2,50
4,1,1040,NaN,NaN,1,3,0.07414,0.00813,0,1,1,534,1440,2,50
5,1,NaN,NaN,NaN,23,100,0.0021,0.0005,0,1,1,535,1440,2,NaN
5,1,NaN,NaN,NaN,23,101,0.00165,0.00064,0,1,1,536,1440,2,NaN
5,1,NaN,NaN,NaN,23,2,0.0005,NaN,0,1,1,537,1440,2,NaN
5,1,NaN,NaN,NaN,23,38,0.0017,0.0004,0,1,1,538,1440,2,NaN
5,1,NaN,NaN,NaN,23,38,0.152,0.0227,0,1,1,539,1440,2,NaN
5,1,NaN,NaN,NaN,23,38,0.217,0.0193,0,1,1,540,1440,2,NaN
5,1,NaN,NaN,NaN,23,38,0.0927,0.0088,0,1,1,541,1440,2,NaN
5,1,NaN,NaN,NaN,23,38,0.112,0,0,1,1,542,1440,2,NaN
5,1,NaN,NaN,NaN,23,38,0.129,0.0237,0,1,1,543,1440,2,NaN
5,1,NaN,NaN,NaN,23,38,0.0903,0.0125,0,1,1,544,1440,2,NaN
5,1,1230,1030,1430,22,13,0.06,NaN,0,1,1,545,1440,2,20
5,1,1230,1030,1430,22,3,0.08,NaN,0,1,1,546,1440,2,50
5,1,NaN,NaN,NaN,23,100,0.0085,0.0008,0,1,1,547,1440,2,NaN
5,1,NaN,NaN,NaN,23,100,0.0098,0.0002,0,1,1,548,1440,2,NaN
5,1,NaN,NaN,NaN,27,100,0.00039,1e-05,0,1,1,549,1440,2,NaN
5,1,NaN,NaN,NaN,27,100,0.00024,1e-05,0,1,1,550,1440,2,NaN
5,1,935.5,NaN,NaN,23,3,0.0025578,0.0004414,0,5,1,551,1440,2,50
5,1,935.5,NaN,NaN,23,3,3.92e-05,6.9e-06,0,5,1,552,1440,2,50
5,1,622.1,NaN,NaN,23,3,0.0027928,0.000276,0,5,1,553,1440,2,50
5,1,622.1,NaN,NaN,23,3,2.98e-05,2.9e-06,0,5,1,554,1440,2,50
5,1,557.3,NaN,NaN,23,3,0.0020902,0.0002272,0,5,1,555,1440,2,50
5,1,557.3,NaN,NaN,23,3,3.45e-05,3.7e-06,0,5,1,556,1440,2,50
5,1,263.7,NaN,NaN,23,3,9.72e-05,1.96e-05,0,5,1,557,1440,2,50
5,1,263.7,NaN,NaN,23,3,3.22e-05,6.5e-06,0,5,1,558,1440,2,50
5,1,237,NaN,NaN,23,3,0.0001152,2.08e-05,0,5,1,559,1440,2,50
5,1,237,NaN,NaN,23,3,5.26e-05,9.4e-06,0,5,1,560,1440,2,50
5,1,199.7,NaN,NaN,23,3,8.94e-05,6.9e-06,0,5,1,561,1440,2,50
5,1,199.7,NaN,NaN,23,3,6.33e-05,4.9e-06,0,5,1,562,1440,2,50
5,1,557.3,NaN,NaN,23,3,0.0032079,0.0002891,0,5,1,563,1440,2,50
5,1,557.3,NaN,NaN,23,3,2.66e-05,2.4e-06,0,5,1,564,1440,2,50
5,1,237,NaN,NaN,23,3,0.0003197,7.8e-06,0,5,1,565,1440,2,50
5,1,237,NaN,NaN,23,3,3.77e-05,1e-06,0,5,1,566,1440,2,50
5,1,557.3,NaN,NaN,23,3,0.0018835,0.0001494,0,5,1,567,1440,2,50
5,1,557.3,NaN,NaN,23,3,3.25e-05,2.5e-06,0,5,1,568,1440,2,50
5,1,237,NaN,NaN,23,3,5.45e-05,6.5e-06,0,5,1,569,1440,2,50
5,1,237,NaN,NaN,23,3,3.14e-05,3.7e-06,0,5,1,570,1440,2,50
7,2,NaN,NaN,NaN,23,12,NaN,NaN,NaN,1,1,571,NaN,NaN,50
6,1,NaN,NaN,NaN,28,2,0.2,NaN,0,1,1,572,NaN,NaN,NaN
8,2,NaN,NaN,NaN,23,120,NaN,NaN,NaN,1,1,573,1440,2,50
10,7,NaN,NaN,NaN,23,12,NaN,NaN,NaN,1,1,574,1440,2,50
2,7,76.4,37.2,115.6,29,2,3.2e-06,NaN,0,5,1,575,1440,2,NaN
2,7,76.4,37.2,115.6,29,8,5.6e-06,NaN,0,5,1,576,1440,2,NaN
2,7,76.4,37.2,115.6,29,14,NaN,NaN,1,5,1,577,1440,2,10
2,7,76.4,37.2,115.6,29,3,3.08e-05,4.75e-06,1,5,1,578,1440,2,50
4,1,NaN,NaN,NaN,23,12,NaN,NaN,NaN,NaN,NaN,579,1440,2,50
4,1,0,-9999,9999,5,2,0.01,NaN,0,1,1,580,36000,5,NaN
2,1,0,-9999,9999,8,71,0.001,NaN,0,1,1,581,36000,5,64
2,1,0,-9999,9999,8,3,0.001,NaN,0,1,1,582,36000,5,50
2,1,0,-9999,9999,8,8,0.001,NaN,0,1,1,583,36000,5,NaN
4,1,NaN,NaN,NaN,5,2,0.01,NaN,0,1,1,584,36000,5,NaN
4,1,NaN,NaN,NaN,5,2,0.01,NaN,0,1,1,585,36000,5,NaN
4,1,1700,NaN,NaN,1,2,0.002,NaN,0,1,1,586,38880,5,NaN
9,1,NaN,NaN,NaN,18,2,0.495,NaN,0,3,2,587,40320,5,NaN
9,1,NaN,NaN,NaN,18,14,0.094,0.045,0,3,2,588,40320,5,10
9,1,NaN,NaN,NaN,18,3,NaN,NaN,NaN,3,2,589,40320,5,50
9,1,NaN,NaN,NaN,18,14,0.037,0.073,0,3,2,590,40320,5,10
9,1,NaN,NaN,NaN,18,3,0.176,0.15,0,3,2,591,40320,5,50
9,1,NaN,NaN,NaN,18,14,NaN,NaN,NaN,3,2,592,40320,5,10
2,1,0,-9999,9999,8,2,0.673,NaN,0,3,2,593,40320,5,NaN
2,1,0,-9999,9999,8,2,0.673,NaN,0,3,2,594,40320,5,NaN
10,1,NaN,NaN,NaN,18,2,1,NaN,0,3,2,595,40320,5,NaN
10,1,NaN,NaN,NaN,18,13,1,NaN,0,3,2,596,40320,5,20
10,1,NaN,NaN,NaN,18,64,1,NaN,0,3,2,597,40320,5,78
10,1,NaN,NaN,NaN,18,2,1,NaN,0,3,2,598,40320,5,NaN
10,23,NaN,NaN,NaN,18,2,50,NaN,0,3,2,599,40320,5,NaN
10,23,NaN,NaN,NaN,18,2,50,NaN,0,3,2,600,40320,5,NaN
10,23,NaN,NaN,NaN,18,2,10,NaN,0,3,2,601,40320,5,NaN
10,23,NaN,NaN,NaN,18,98,50,NaN,0,3,2,602,40320,5,60
10,1,285,30,540,30,2,0.05,NaN,0,3,2,603,40320,5,NaN
10,1,285,30,540,30,97,0.05,NaN,0,3,2,604,40320,5,18
1,1,103,NaN,NaN,8,2,0.23,NaN,0,3,2,605,40320,5,NaN
1,1,167,NaN,NaN,18,2,1,NaN,0,3,2,606,40320,5,NaN
1,1,167,NaN,NaN,18,2,1,NaN,0,3,2,607,40320,5,NaN
1,1,167,NaN,NaN,18,2,1,NaN,0,3,2,608,40320,5,NaN
2,24,235,231.27,238.73,18,121,1,NaN,0,3,2,609,40320,5,NaN
2,24,235,231.27,238.73,18,28,1,NaN,0,3,2,610,40320,5,100
2,1,0,-9999,9999,31,122,NaN,NaN,NaN,NaN,NaN,611,40320,5,NaN
2,7,54.5,54.15,54.85,10,2,0.001,NaN,0,5,1,612,40320,5,NaN
2,7,54.5,54.15,54.85,10,14,NaN,NaN,1,5,1,613,40320,5,10
2,7,54.5,54.15,54.85,10,3,NaN,NaN,1,5,1,614,40320,5,50
4,1,0,-9999,9999,18,2,10,NaN,0,3,2,615,40320,5,NaN
4,1,0,-9999,9999,18,2,10,NaN,0,3,2,616,40320,5,NaN
4,1,1209,NaN,NaN,18,2,10,NaN,0,3,2,617,40320,5,NaN
4,1,0,-9999,9999,18,2,10,NaN,0,3,2,618,40320,5,NaN
4,1,1209,NaN,NaN,18,2,10,NaN,0,3,2,619,40320,5,NaN
4,1,0,-9999,9999,18,2,10,NaN,0,3,2,620,40320,5,NaN
4,1,1209,NaN,NaN,18,2,10,NaN,0,3,2,621,40320,5,NaN
4,1,0,-9999,9999,18,2,10,NaN,0,3,2,622,40320,5,NaN
4,1,1209,NaN,NaN,18,2,10,NaN,0,3,2,623,40320,5,NaN
4,24,282,280.85,283.15,18,121,1,NaN,0,3,2,624,40320,5,NaN
4,24,282,280.85,283.15,18,123,1,NaN,0,3,2,625,40320,5,NaN
4,24,282,280.85,283.15,18,124,1,NaN,0,3,2,626,40320,5,NaN
4,24,282,280.85,283.15,18,125,1,NaN,0,3,2,627,40320,5,49.3
8,2,NaN,NaN,NaN,1,25,0.0045,NaN,0,1,1,628,120,2,35
8,2,0,-9999,9999,1,58,0.0045,NaN,0,1,1,629,120,2,55
8,2,NaN,NaN,NaN,1,9,0.0045,NaN,0,1,1,630,120,2,25
8,2,0,-9999,9999,1,98,0.0045,NaN,0,1,1,631,120,2,60
8,2,NaN,NaN,NaN,1,3,0.0045,NaN,0,1,1,632,120,2,50
8,2,0,-9999,9999,1,21,0.0045,NaN,0,1,1,633,120,2,85
8,2,NaN,NaN,NaN,1,3,0.0045,NaN,0,1,1,634,120,2,50
8,2,0,-9999,9999,1,21,0.0045,NaN,0,1,1,635,120,2,85
8,1,NaN,NaN,NaN,22,2,0.0068,NaN,0,2,1,636,4320,3,NaN
8,1,NaN,NaN,NaN,22,8,0.0119,NaN,0,2,1,637,4320,3,NaN
1,1,NaN,NaN,NaN,23,2,1e-05,NaN,0,5,1,638,4320,3,NaN
1,1,NaN,NaN,NaN,23,8,9.9e-05,NaN,0,5,1,639,4320,3,NaN
1,1,NaN,NaN,NaN,23,13,7e-05,NaN,0,5,1,640,4320,3,20
1,1,NaN,NaN,NaN,9,3,0.01084,0.00243,1,1,1,641,4320,3,50
1,1,NaN,NaN,NaN,9,3,0.04654,0.00817,1,1,1,642,4320,3,50
1,1,NaN,NaN,NaN,9,126,0.01,NaN,0,1,1,643,4320,3,6.7
1,1,NaN,NaN,NaN,9,127,0.1,NaN,0,1,1,644,4320,3,58
1,1,NaN,NaN,NaN,9,128,1,NaN,0,1,1,645,4320,3,78.9
1,1,NaN,NaN,NaN,9,2,0.01,NaN,0,3,2,646,4320,3,NaN
1,1,NaN,NaN,NaN,9,129,0.1,NaN,0,3,2,647,4320,3,NaN
1,1,NaN,NaN,NaN,9,130,1,NaN,0,3,2,648,4320,3,37
1,1,NaN,NaN,NaN,9,2,0.1,NaN,0,3,2,649,4320,3,NaN
1,1,NaN,NaN,NaN,9,58,1,NaN,0,3,2,650,4320,3,55
4,1,NaN,NaN,NaN,9,3,NaN,NaN,NaN,1,1,651,4320,3,50
4,1,NaN,NaN,NaN,9,3,NaN,NaN,NaN,1,1,652,4320,3,50
4,1,NaN,NaN,NaN,9,131,0.01,NaN,0,1,1,653,4320,3,4.6
4,1,NaN,NaN,NaN,9,132,0.1,NaN,0,1,1,654,4320,3,13.9
4,1,NaN,NaN,NaN,9,133,0.1,NaN,0,1,1,655,4320,3,23.9
5,1,NaN,NaN,NaN,9,3,0.00046,6.5e-05,1,1,1,656,4320,3,50
5,1,NaN,NaN,NaN,9,3,0.02684,0.00435,1,1,1,657,4320,3,50
6,1,NaN,NaN,NaN,9,3,NaN,NaN,NaN,1,1,658,4320,3,50
6,1,NaN,NaN,NaN,9,3,NaN,NaN,NaN,1,1,659,4320,3,50
1,5,568,551,585,1,12,NaN,NaN,NaN,1,1,660,180,2,50
1,5,568,551,585,1,134,0.001,NaN,0,1,1,661,180,2,NaN
1,5,2255,1767,2743,1,100,NaN,NaN,NaN,1,1,662,180,2,NaN
1,5,2255,1767,2743,1,134,0.01,NaN,0,1,1,663,180,2,NaN
1,5,16900,12620,21180,1,101,NaN,NaN,NaN,1,1,664,180,2,NaN
3,14,0,-9999,9999,1,2,1,NaN,0,4,1,665,180,2,NaN
2,7,40,NaN,NaN,1,3,0.00047,NaN,0,4,1,666,180,2,50
2,7,NaN,NaN,NaN,1,3,0.00144,NaN,0,4,1,667,180,2,50
2,1,40,NaN,NaN,1,3,0.03416,0.004,1,3,2,668,180,2,50
2,1,40,NaN,NaN,1,3,0.03338,0.004215,1,1,1,669,180,2,50
10,1,0,-9999,9999,1,135,0.015,NaN,0,1,1,670,210,2,NaN
12,1,NaN,NaN,NaN,1,38,NaN,NaN,NaN,1,1,671,30,1,NaN
12,1,NaN,NaN,NaN,1,38,NaN,NaN,NaN,1,1,672,30,1,NaN
12,1,NaN,NaN,NaN,1,38,NaN,NaN,NaN,1,1,673,30,1,NaN
12,1,NaN,NaN,NaN,1,38,NaN,NaN,NaN,1,1,674,30,1,NaN
12,1,NaN,NaN,NaN,1,38,NaN,NaN,NaN,1,1,675,30,1,NaN
12,1,NaN,NaN,NaN,1,38,2.498,0.98,0,1,1,676,30,1,NaN
1,1,NaN,NaN,NaN,1,3,0.0019,0.0002,0,1,1,677,30,1,50
1,1,NaN,NaN,NaN,1,13,0.0009,0.0004,0,1,1,678,30,1,20
1,1,NaN,NaN,NaN,1,2,0.00075,NaN,0,1,1,679,30,1,NaN
1,1,NaN,NaN,NaN,1,38,0.183,0.037,0,1,1,680,30,1,NaN
1,1,NaN,NaN,NaN,1,38,0.234,0.085,0,1,1,681,30,1,NaN
1,1,NaN,NaN,NaN,1,38,0.196,0.09,0,1,1,682,30,1,NaN
1,1,NaN,NaN,NaN,1,38,0.171,0.053,0,1,1,683,30,1,NaN
1,1,NaN,NaN,NaN,1,38,0.0226,0.011,0,1,1,684,30,1,NaN
1,1,NaN,NaN,NaN,1,38,0.0134,0.0044,0,1,1,685,30,1,NaN
1,1,NaN,NaN,NaN,1,3,0.0024,NaN,0,1,1,686,30,1,50
1,1,177,173,181,1,1,0.0885,0.0013,0,1,1,687,30,1,50
2,1,NaN,NaN,NaN,1,38,0.571,0.141,0,1,1,688,30,1,NaN
2,1,NaN,NaN,NaN,1,38,0.331,0.085,0,1,1,689,30,1,NaN
2,1,NaN,NaN,NaN,1,38,0.485,0.016,0,1,1,690,30,1,NaN
2,1,NaN,NaN,NaN,1,38,0.329,0.008,0,1,1,691,30,1,NaN
2,1,NaN,NaN,NaN,1,38,0.0179,0.004,0,1,1,692,30,1,NaN
2,1,NaN,NaN,NaN,1,38,0.0058,0.001,0,1,1,693,30,1,NaN
2,1,140,133,147,1,1,0.0048,0.0003,0,1,1,694,30,1,50
2,1,40,39,41,1,2,0.0064,0.0004,0,1,1,695,30,1,NaN
4,1,NaN,NaN,NaN,1,38,NaN,NaN,NaN,1,1,696,30,1,NaN
4,1,NaN,NaN,NaN,1,38,NaN,NaN,NaN,1,1,697,30,1,NaN
4,1,NaN,NaN,NaN,1,38,NaN,NaN,NaN,1,1,698,30,1,NaN
4,1,NaN,NaN,NaN,1,38,NaN,NaN,NaN,1,1,699,30,1,NaN
4,1,NaN,NaN,NaN,1,38,NaN,NaN,NaN,1,1,700,30,1,NaN
4,1,NaN,NaN,NaN,1,38,NaN,NaN,NaN,1,1,701,30,1,NaN
4,1,NaN,NaN,NaN,1,3,NaN,NaN,NaN,1,1,702,30,1,50
4,1,NaN,NaN,NaN,1,13,NaN,NaN,NaN,1,1,703,30,1,20
4,1,NaN,NaN,NaN,1,2,NaN,NaN,NaN,1,1,704,30,1,NaN
4,1,1425,NaN,NaN,1,13,NaN,NaN,1,1,1,705,30,1,20
4,1,1425,NaN,NaN,1,3,NaN,NaN,1,1,1,706,30,1,50
4,1,1425,NaN,NaN,1,13,NaN,NaN,1,1,1,707,30,1,20
4,1,1425,NaN,NaN,1,3,NaN,NaN,1,1,1,708,30,1,50
5,1,NaN,NaN,NaN,1,3,0.079,0.027,0,1,1,709,30,1,50
5,1,NaN,NaN,NaN,1,13,0.024,0.005,0,1,1,710,30,1,20
5,1,NaN,NaN,NaN,1,2,0.016,NaN,0,1,1,711,30,1,NaN
5,1,NaN,NaN,NaN,1,2,0.005,NaN,0,1,1,712,30,1,NaN
5,1,NaN,NaN,NaN,1,8,0.01,NaN,0,1,1,713,30,1,NaN
5,1,NaN,NaN,NaN,1,3,NaN,NaN,1,1,1,714,30,1,50
5,1,NaN,NaN,NaN,1,38,0.0505,0.015,0,1,1,715,30,1,NaN
5,1,NaN,NaN,NaN,1,38,0.0397,0.016,0,1,1,716,30,1,NaN
5,1,NaN,NaN,NaN,1,38,0.033,0.0019,0,1,1,717,30,1,NaN
5,1,NaN,NaN,NaN,1,38,0.0476,0.0055,0,1,1,718,30,1,NaN
5,1,NaN,NaN,NaN,1,38,0.0148,0.0001,0,1,1,719,30,1,NaN
5,1,NaN,NaN,NaN,1,38,0.0114,0.0054,0,1,1,720,30,1,NaN
5,1,NaN,NaN,NaN,11,1,0.047,0.0075,0,1,1,721,30,1,50
5,1,NaN,NaN,NaN,11,1,0.057,0.0078,0,1,1,722,30,1,50
5,1,NaN,NaN,NaN,1,3,NaN,NaN,NaN,1,1,723,30,1,50
10,1,NaN,NaN,NaN,18,34,0.154,NaN,0,3,2,724,4.6944e+05,5,40
10,1,NaN,NaN,NaN,18,2,0.154,NaN,0,3,2,725,4.6944e+05,5,NaN
8,2,NaN,NaN,NaN,32,12,NaN,NaN,NaN,1,1,726,50400,5,50
8,2,NaN,NaN,NaN,32,136,0.01,NaN,0,1,1,727,50400,5,NaN
2,1,187,NaN,NaN,33,2,0.1344,0.0224,0,14,2,728,50400,5,NaN
2,1,144,NaN,NaN,33,2,0.1746,0.0491,0,14,2,729,50400,5,NaN
2,1,NaN,NaN,NaN,9,9,0.01,NaN,0,1,1,730,NaN,NaN,25
2,1,NaN,NaN,NaN,9,34,0.015,NaN,0,1,1,731,NaN,NaN,40
2,1,NaN,NaN,NaN,9,60,0.02,NaN,0,1,1,732,NaN,NaN,45
2,1,NaN,NaN,NaN,9,25,0.01,NaN,0,1,1,733,NaN,NaN,35
2,1,NaN,NaN,NaN,9,3,0.015,NaN,0,1,1,734,NaN,NaN,50
2,1,NaN,NaN,NaN,9,11,0.02,NaN,0,1,1,735,NaN,NaN,75
2,1,NaN,NaN,NaN,9,23,0.01,NaN,0,1,1,736,NaN,NaN,15
2,1,NaN,NaN,NaN,9,9,0.02,NaN,0,1,1,737,NaN,NaN,25
2,1,NaN,NaN,NaN,9,13,0.01,NaN,0,1,1,738,NaN,NaN,20
2,1,NaN,NaN,NaN,9,25,0.02,NaN,0,1,1,739,NaN,NaN,35
2,1,NaN,NaN,NaN,9,23,0.01,NaN,0,1,1,740,NaN,NaN,15
2,1,NaN,NaN,NaN,9,25,0.015,NaN,0,1,1,741,NaN,NaN,35
2,1,NaN,NaN,NaN,9,34,0.02,NaN,0,1,1,742,NaN,NaN,40
2,1,NaN,NaN,NaN,9,13,0.01,NaN,0,1,1,743,NaN,NaN,20
2,1,NaN,NaN,NaN,9,34,0.015,NaN,0,1,1,744,NaN,NaN,40
2,1,NaN,NaN,NaN,9,98,0.02,NaN,0,1,1,745,NaN,NaN,60
2,1,NaN,NaN,NaN,9,14,0.01,NaN,0,1,1,746,NaN,NaN,10
2,1,NaN,NaN,NaN,9,23,0.015,NaN,0,1,1,747,NaN,NaN,15
2,1,NaN,NaN,NaN,9,13,0.02,NaN,0,1,1,748,NaN,NaN,20
2,1,NaN,NaN,NaN,9,23,0.01,NaN,0,1,1,749,NaN,NaN,15
2,1,NaN,NaN,NaN,9,9,0.015,NaN,0,1,1,750,NaN,NaN,25
2,1,NaN,NaN,NaN,9,24,0.02,NaN,0,1,1,751,NaN,NaN,30
8,3,NaN,NaN,NaN,22,2,0.0068,NaN,0,2,1,752,5760,3,NaN
4,25,NaN,NaN,NaN,22,137,0.2,NaN,0,1,1,753,5760,3,67
4,25,NaN,NaN,NaN,22,138,0.02,NaN,0,1,1,754,5760,3,33
1,26,NaN,NaN,NaN,22,137,0.2,NaN,0,1,1,755,5760,3,67
3,27,NaN,NaN,NaN,22,11,0.2,NaN,0,1,1,756,5760,3,75
3,27,NaN,NaN,NaN,22,98,0.02,NaN,0,1,1,757,5760,3,60
2,1,NaN,NaN,NaN,1,8,0.001,NaN,0,1,1,758,5760,3,NaN
2,1,NaN,NaN,NaN,1,91,0.003,NaN,0,1,1,759,5760,3,100
2,1,NaN,NaN,NaN,1,2,0.003,NaN,0,1,1,760,5760,3,NaN
2,1,NaN,NaN,NaN,1,8,0.001,NaN,0,1,1,761,5760,3,NaN
2,1,NaN,NaN,NaN,1,91,0.003,NaN,0,1,1,762,5760,3,100
2,1,NaN,NaN,NaN,1,8,0.001,NaN,0,1,1,763,5760,3,NaN
2,1,NaN,NaN,NaN,1,91,0.003,NaN,0,1,1,764,5760,3,100
2,1,NaN,NaN,NaN,1,2,0.001,NaN,0,1,1,765,5760,3,NaN
2,1,NaN,NaN,NaN,1,8,0.003,NaN,0,1,1,766,5760,3,NaN
2,1,NaN,NaN,NaN,1,8,0.001,NaN,0,1,1,767,5760,3,NaN
2,1,NaN,NaN,NaN,20,2,5e-05,NaN,0,5,1,768,5760,3,NaN
2,1,NaN,NaN,NaN,20,28,0.0005,NaN,0,5,1,769,5760,3,100
3,1,180,NaN,NaN,2,3,NaN,NaN,NaN,1,1,770,240,2,50
3,1,235,NaN,NaN,2,3,NaN,NaN,NaN,1,1,771,240,2,50
3,1,658,NaN,NaN,2,3,NaN,NaN,NaN,1,1,772,240,2,50
3,1,223,NaN,NaN,2,3,NaN,NaN,NaN,1,1,773,240,2,50
2,7,269,251,287,1,139,0.00026,1e-05,0,2,1,774,240,2,28.1
2,7,269,251,287,1,140,0.00055,6e-05,0,2,1,775,240,2,34.3
2,7,269,251,287,1,141,0.00075,7e-05,0,2,1,776,240,2,42.3
2,7,269,251,287,1,142,0.001,7e-05,0,2,1,777,240,2,46.6
2,7,269,251,287,1,143,0.00026,1e-05,0,2,1,778,240,2,NaN
2,7,269,251,287,1,144,0.00055,6e-05,0,2,1,779,240,2,32.5
2,7,269,251,287,1,145,0.00075,7e-05,0,2,1,780,240,2,37.4
2,7,269,251,287,1,146,0.001,7e-05,0,2,1,781,240,2,45.4
2,7,269,251,287,1,147,0.00026,1e-05,0,2,1,782,240,2,NaN
2,7,269,251,287,1,148,0.00055,6e-05,0,2,1,783,240,2,30.6
2,7,269,251,287,1,149,0.00075,7e-05,0,2,1,784,240,2,35
2,7,269,251,287,1,150,0.001,7e-05,0,2,1,785,240,2,40.9
4,2,880,780,980,1,151,0.1,NaN,0,4,1,786,240,2,22
4,28,450,NaN,NaN,1,152,0.05,NaN,0,4,1,787,240,2,59
4,28,450,NaN,NaN,1,130,0.1,NaN,0,4,1,788,240,2,37
4,29,880,780,980,1,99,0.025,NaN,0,4,1,789,240,2,44
4,29,880,780,980,1,153,0.05,NaN,0,4,1,790,240,2,52
4,29,880,780,980,1,154,0.1,NaN,0,4,1,791,240,2,79
4,2,600,NaN,NaN,1,34,0.1,NaN,0,4,1,792,240,2,40
4,28,250,NaN,NaN,1,138,0.1,NaN,0,4,1,793,240,2,33
4,29,600,NaN,NaN,1,155,0.1,NaN,0,4,1,794,240,2,31
4,2,800,NaN,NaN,1,19,0.05,NaN,0,4,1,795,240,2,16
4,2,800,NaN,NaN,1,153,0.1,NaN,0,4,1,796,240,2,52
4,28,350,NaN,NaN,1,97,0.1,NaN,0,4,1,797,240,2,18
4,29,800,NaN,NaN,1,156,0.05,NaN,0,4,1,798,240,2,46
4,29,800,NaN,NaN,1,67,0.1,NaN,0,4,1,799,240,2,65
8,3,3660,3460,3860,17,9,0.003,NaN,0,1,1,800,5760,3,25
8,3,3660,3460,3860,17,2,0.003,NaN,0,1,1,801,5760,3,NaN
10,1,NaN,NaN,NaN,18,2,0.154,NaN,0,3,2,802,5760,3,NaN
10,1,NaN,NaN,NaN,18,2,0.154,NaN,0,3,2,803,5760,3,NaN
10,1,NaN,NaN,NaN,18,34,0.154,NaN,0,3,2,804,5760,3,40
1,1,0,-9999,9999,18,157,NaN,NaN,NaN,3,2,805,5760,3,NaN
1,1,0,-9999,9999,18,27,NaN,NaN,NaN,3,2,806,5760,3,NaN
1,1,NaN,NaN,NaN,8,2,6.4,NaN,0,3,2,807,5760,3,NaN
1,1,NaN,NaN,NaN,8,36,NaN,NaN,NaN,3,2,808,5760,3,NaN
1,1,NaN,NaN,NaN,8,38,NaN,NaN,NaN,3,2,809,5760,3,NaN
1,1,NaN,NaN,NaN,8,38,NaN,NaN,NaN,3,2,810,5760,3,NaN
2,1,NaN,NaN,NaN,18,2,0.1,NaN,0,3,2,811,5760,3,NaN
2,1,NaN,NaN,NaN,18,2,0.1,NaN,0,3,2,812,5760,3,NaN
2,1,NaN,NaN,NaN,18,2,0.008,NaN,0,3,2,813,5760,3,NaN
3,1,NaN,NaN,NaN,11,3,NaN,NaN,NaN,1,1,814,270,2,50
2,7,NaN,NaN,NaN,11,3,NaN,NaN,1,8,3,815,270,2,50
2,7,NaN,NaN,NaN,11,3,8.31e-06,3.515e-06,1,8,3,816,270,2,50
2,7,NaN,NaN,NaN,11,3,3.714e-05,3.32e-06,1,8,3,817,270,2,50
4,1,NaN,NaN,NaN,11,3,NaN,NaN,NaN,1,1,818,270,2,50
8,1,NaN,NaN,NaN,23,3,NaN,NaN,1,1,1,819,2880,3,50
8,1,NaN,NaN,NaN,23,12,NaN,NaN,1,1,1,820,2880,3,50
7,3,NaN,NaN,NaN,23,3,0.0127,0.0014,1,1,1,821,2880,3,50
7,3,NaN,NaN,NaN,23,3,0.0096,0.00095,1,1,1,822,2880,3,50
7,3,NaN,NaN,NaN,23,3,0.0087,0.0009,1,1,1,823,2880,3,50
7,3,NaN,NaN,NaN,23,3,0.008,0.0005,1,1,1,824,2880,3,50
7,3,NaN,NaN,NaN,23,3,0.0364,NaN,0,1,1,825,2880,3,50
7,3,NaN,NaN,NaN,23,2,0.03,NaN,0,1,1,826,2880,3,NaN
3,7,8.5,8.3,8.7,11,2,0.1,NaN,0,1,1,827,2880,3,NaN
2,30,0,-9999,9999,5,3,0.0025,NaN,0,1,1,828,2880,3,50
2,30,0,-9999,9999,5,3,0.0049,NaN,0,1,1,829,2880,3,50
2,30,0,-9999,9999,5,3,0.0026,NaN,0,1,1,830,2880,3,50
2,30,0,-9999,9999,5,3,0.0035,NaN,0,1,1,831,2880,3,50
4,25,NaN,NaN,NaN,23,2,0.002,NaN,0,1,1,832,2880,3,NaN
4,25,NaN,NaN,NaN,23,12,0.1205,0.017,0,1,1,833,2880,3,50
7,1,NaN,NaN,NaN,23,3,NaN,NaN,1,1,1,834,2880,3,50
7,1,NaN,NaN,NaN,23,12,NaN,NaN,1,1,1,835,2880,3,50
2,1,12.9,NaN,NaN,5,12,0.0001692,2.455e-05,1,5,1,836,2880,3,50
2,1,35,NaN,NaN,5,12,9.2e-05,8.4e-06,1,5,1,837,2880,3,50
2,1,40.6,NaN,NaN,5,12,9.59e-05,1.305e-05,1,5,1,838,2880,3,50
2,1,10.9,NaN,NaN,5,12,0.0001008,1.26e-05,1,5,1,839,2880,3,50
10,1,NaN,NaN,NaN,23,3,0.009344,0.0017525,1,1,1,840,2880,3,50
10,1,NaN,NaN,NaN,23,12,0.010515,0.0020495,1,1,1,841,2880,3,50
10,1,448.2,415.1,481.3,23,2,0.024,NaN,0,2,1,842,2880,3,NaN
10,1,246,243,249,23,23,0.003,NaN,0,1,1,843,2880,3,15
10,1,1051,844,1258,23,13,0.005,NaN,0,1,1,844,2880,3,20
10,1,222,220,224,23,2,0.001,NaN,0,1,1,845,2880,3,NaN
10,1,236,234,238,23,24,0.001,NaN,0,1,1,846,2880,3,30
1,1,NaN,NaN,NaN,23,100,0.0032,0.0013,0,1,1,847,2880,3,NaN
1,1,NaN,NaN,NaN,23,101,0.00245,0.0016,0,1,1,848,2880,3,NaN
1,1,NaN,NaN,NaN,23,2,0.0005,NaN,0,1,1,849,2880,3,NaN
1,1,NaN,NaN,NaN,23,38,0.000622,0.000197,1,1,1,850,2880,3,NaN
1,1,NaN,NaN,NaN,23,100,NaN,NaN,NaN,1,1,851,2880,3,NaN
1,1,NaN,NaN,NaN,23,36,0.0052,NaN,0,1,1,852,2880,3,NaN
1,1,NaN,NaN,NaN,23,38,0.0075,NaN,0,1,1,853,2880,3,NaN
1,1,NaN,NaN,NaN,23,36,0.0002,NaN,0,1,1,854,2880,3,NaN
1,1,NaN,NaN,NaN,23,38,0.0011,NaN,0,1,1,855,2880,3,NaN
1,1,NaN,NaN,NaN,23,36,0.0093,NaN,0,1,1,856,2880,3,NaN
1,1,NaN,NaN,NaN,23,38,0.0134,NaN,0,1,1,857,2880,3,NaN
1,1,NaN,NaN,NaN,23,36,0.0027,NaN,0,1,1,858,2880,3,NaN
1,1,NaN,NaN,NaN,23,38,NaN,NaN,NaN,1,1,859,2880,3,NaN
1,1,NaN,NaN,NaN,23,36,0.0007,NaN,0,1,1,860,2880,3,NaN
1,1,NaN,NaN,NaN,23,38,0.001,NaN,0,1,1,861,2880,3,NaN
1,1,NaN,NaN,NaN,23,38,0.0026,0.00104,0,1,1,862,2880,3,NaN
1,1,NaN,NaN,NaN,23,38,0.0033,0.00115,0,1,1,863,2880,3,NaN
1,1,NaN,NaN,NaN,23,38,0.009,0.00028,0,1,1,864,2880,3,NaN
1,1,NaN,NaN,NaN,23,38,0.0017,0.00027,0,1,1,865,2880,3,NaN
1,1,NaN,NaN,NaN,23,38,0.0035,0.0003,0,1,1,866,2880,3,NaN
1,1,NaN,NaN,NaN,23,38,0.0028,0.00039,0,1,1,867,2880,3,NaN
1,1,NaN,NaN,NaN,23,38,0.0034,0.00156,0,1,1,868,2880,3,NaN
1,26,NaN,NaN,NaN,23,2,5e-05,NaN,0,1,1,869,2880,3,NaN
1,26,NaN,NaN,NaN,23,12,9e-05,1e-06,0,1,1,870,2880,3,50
1,1,NaN,NaN,NaN,23,14,0.001,0.000325,1,1,1,871,2880,3,10
1,1,NaN,NaN,NaN,23,3,NaN,NaN,1,1,1,872,2880,3,50
1,1,NaN,NaN,NaN,23,10,NaN,NaN,1,1,1,873,2880,3,90
1,1,NaN,NaN,NaN,23,14,0.00085,0.000365,1,1,1,874,2880,3,10
1,1,NaN,NaN,NaN,23,3,NaN,NaN,1,1,1,875,2880,3,50
1,1,NaN,NaN,NaN,23,10,NaN,NaN,1,1,1,876,2880,3,90
3,1,NaN,NaN,NaN,23,3,NaN,NaN,NaN,1,1,877,2880,3,50
3,1,549,NaN,NaN,23,55,NaN,NaN,NaN,1,1,878,2880,3,NaN
3,1,500,NaN,NaN,23,55,NaN,NaN,NaN,1,1,879,2880,3,NaN
3,1,425,NaN,NaN,23,55,NaN,NaN,NaN,1,1,880,2880,3,NaN
3,1,4500,NaN,NaN,11,36,0.0021,NaN,0,1,1,881,2880,3,NaN
3,1,4500,NaN,NaN,11,37,0.0035,NaN,0,1,1,882,2880,3,NaN
3,1,0,-9999,9999,11,36,0.0162,NaN,0,1,1,883,2880,3,NaN
3,1,0,-9999,9999,11,37,0.026,NaN,0,1,1,884,2880,3,NaN
3,1,0,-9999,9999,11,36,0.0664,NaN,0,1,1,885,2880,3,NaN
3,1,0,-9999,9999,11,37,0.0816,NaN,0,1,1,886,2880,3,NaN
3,1,7800,NaN,NaN,11,37,NaN,NaN,NaN,1,1,887,2880,3,NaN
3,1,1710,NaN,NaN,11,37,0.025,0.00205,1,1,1,888,2880,3,NaN
3,1,517,NaN,NaN,11,37,0.0416,0.0047,1,1,1,889,2880,3,NaN
3,1,832,NaN,NaN,11,37,0.183,0.0195,1,1,1,890,2880,3,NaN
3,1,367,NaN,NaN,11,37,0.0308,0.00635,1,1,1,891,2880,3,NaN
3,1,2650,NaN,NaN,11,37,0.025,0.0026,1,1,1,892,2880,3,NaN
3,1,1410,NaN,NaN,11,37,NaN,NaN,NaN,1,1,893,2880,3,NaN
3,1,185,NaN,NaN,11,37,0.2046,0.01925,1,1,1,894,2880,3,NaN
3,1,7320,NaN,NaN,11,37,0.0384,0.0076,1,1,1,895,2880,3,NaN
3,1,6150,NaN,NaN,11,37,0.0305,0.00405,1,1,1,896,2880,3,NaN
3,1,1850,NaN,NaN,11,37,0.0314,0.0056,1,1,1,897,2880,3,NaN
3,1,1010,NaN,NaN,11,37,0.0417,0.0052,1,1,1,898,2880,3,NaN
3,1,4880,NaN,NaN,11,37,0.0047,0.00095,1,1,1,899,2880,3,NaN
3,1,3080,NaN,NaN,11,37,0.0318,0.0032,1,1,1,900,2880,3,NaN
3,1,2160,NaN,NaN,11,37,0.034,0.0034,1,1,1,901,2880,3,NaN
3,1,537,NaN,NaN,11,37,0.3958,0.0606,1,1,1,902,2880,3,NaN
3,1,9790,NaN,NaN,11,37,NaN,NaN,NaN,1,1,903,2880,3,NaN
3,1,4860,NaN,NaN,11,37,0.1032,0.01365,1,1,1,904,2880,3,NaN
3,1,14930,NaN,NaN,11,37,NaN,NaN,NaN,1,1,905,2880,3,NaN
3,1,1550,NaN,NaN,11,37,0.0803,0.0058,1,1,1,906,2880,3,NaN
3,1,2780,NaN,NaN,11,37,0.0696,0.00575,1,1,1,907,2880,3,NaN
3,31,NaN,NaN,NaN,23,3,0.09179,NaN,0,1,1,908,2880,3,50
3,31,NaN,NaN,NaN,23,3,0.00026,NaN,0,1,1,909,2880,3,50
3,31,NaN,NaN,NaN,23,24,0.001,NaN,0,1,1,910,2880,3,30
3,31,NaN,NaN,NaN,23,34,0.001,NaN,0,1,1,911,2880,3,40
3,12,NaN,NaN,NaN,23,12,NaN,NaN,NaN,12,1,912,2880,3,50
3,27,NaN,NaN,NaN,23,2,0.2,NaN,0,1,1,913,2880,3,NaN
3,27,NaN,NaN,NaN,23,12,0.2695,0.017,0,1,1,914,2880,3,50
3,11,90,88,92,11,2,0.1,NaN,0,1,1,915,2880,3,NaN
2,32,438,NaN,NaN,23,12,NaN,NaN,NaN,5,1,916,2880,3,50
2,32,378,NaN,NaN,23,12,NaN,NaN,NaN,5,1,917,2880,3,50
2,32,553,NaN,NaN,23,12,NaN,NaN,NaN,5,1,918,2880,3,50
2,7,17,NaN,NaN,23,12,1.2e-05,NaN,0,5,1,919,2880,3,50
2,1,77,NaN,NaN,23,12,1.5e-05,NaN,0,5,1,920,2880,3,50
2,1,NaN,NaN,NaN,23,3,NaN,NaN,NaN,5,1,921,2880,3,50
2,1,NaN,NaN,NaN,23,3,NaN,NaN,NaN,5,1,922,2880,3,50
2,18,NaN,NaN,NaN,23,3,NaN,NaN,NaN,1,1,923,2880,3,50
2,7,NaN,NaN,NaN,23,3,NaN,NaN,NaN,1,1,924,2880,3,50
2,7,NaN,NaN,NaN,23,3,NaN,NaN,NaN,1,1,925,2880,3,50
2,7,NaN,NaN,NaN,23,3,NaN,NaN,NaN,1,1,926,2880,3,50
2,7,NaN,NaN,NaN,23,3,NaN,NaN,NaN,1,1,927,2880,3,50
2,1,NaN,NaN,NaN,23,12,NaN,NaN,NaN,5,1,928,2880,3,50
2,1,NaN,NaN,NaN,23,12,NaN,NaN,NaN,5,1,929,2880,3,50
2,1,NaN,NaN,NaN,23,12,NaN,NaN,NaN,5,1,930,2880,3,50
2,1,NaN,NaN,NaN,23,12,NaN,NaN,NaN,5,1,931,2880,3,50
2,1,NaN,NaN,NaN,23,12,NaN,NaN,NaN,5,1,932,2880,3,50
2,1,NaN,NaN,NaN,23,12,NaN,NaN,NaN,5,1,933,2880,3,50
2,1,NaN,NaN,NaN,23,12,NaN,NaN,NaN,5,1,934,2880,3,50
2,1,NaN,NaN,NaN,23,3,7.98e-06,9.95e-07,1,5,1,935,2880,3,50
2,1,NaN,NaN,NaN,23,3,7.5e-07,3.5e-08,1,5,1,936,2880,3,50
2,7,NaN,NaN,NaN,23,3,2.8e-07,1.3e-07,1,8,3,937,2880,3,50
2,7,NaN,NaN,NaN,23,3,NaN,NaN,1,8,3,938,2880,3,50
2,7,NaN,NaN,NaN,23,3,1.2e-07,1e-08,1,8,3,939,2880,3,50
2,7,76.4,37.2,115.6,29,2,3.2e-06,NaN,0,5,1,940,2880,3,NaN
2,7,76.4,37.2,115.6,29,8,5.6e-06,NaN,0,5,1,941,2880,3,NaN
2,7,76.4,37.2,115.6,29,14,NaN,NaN,1,5,1,942,2880,3,10
2,7,76.4,37.2,115.6,29,3,NaN,NaN,1,5,1,943,2880,3,50
2,1,NaN,NaN,NaN,23,12,NaN,NaN,NaN,5,1,944,2880,3,50
2,1,50.7,NaN,NaN,23,3,3.66e-05,1.46e-05,0,5,1,945,2880,3,50
2,1,50.7,NaN,NaN,23,3,4.4e-05,6.9e-06,0,5,1,946,2880,3,50
2,1,50.7,NaN,NaN,23,3,2.98e-05,1.19e-05,0,5,1,947,2880,3,50
2,1,50.7,NaN,NaN,23,3,5.55e-05,1.38e-05,0,5,1,948,2880,3,50
2,1,50.7,NaN,NaN,23,3,3.76e-05,1.3e-06,0,5,1,949,2880,3,50
2,1,50.7,NaN,NaN,23,3,4.87e-05,5.2e-06,0,5,1,950,2880,3,50
2,1,105.7,NaN,NaN,23,3,1.57e-05,4e-07,0,5,1,951,2880,3,50
2,1,105.7,NaN,NaN,23,3,5.55e-05,2.34e-05,0,5,1,952,2880,3,50
2,1,141.8,NaN,NaN,23,3,2.87e-05,9.1e-06,0,5,1,953,2880,3,50
2,1,105.7,NaN,NaN,23,3,5.11e-05,4.4e-06,0,5,1,954,2880,3,50
2,1,105.7,NaN,NaN,23,3,6.87e-05,2.84e-05,0,5,1,955,2880,3,50
2,1,105.7,NaN,NaN,23,3,4.72e-05,1.74e-05,0,5,1,956,2880,3,50
2,7,NaN,NaN,NaN,23,2,2e-06,NaN,0,1,1,957,2880,3,NaN
2,7,NaN,NaN,NaN,23,14,3e-06,0,1,1,1,958,2880,3,10
2,7,NaN,NaN,NaN,23,3,4e-06,0,1,1,1,959,2880,3,50
2,7,NaN,NaN,NaN,23,10,NaN,NaN,1,1,1,960,2880,3,90
2,7,NaN,NaN,NaN,23,28,6e-06,NaN,0,1,1,961,2880,3,100
2,7,NaN,NaN,NaN,23,2,1e-06,NaN,0,1,1,962,2880,3,NaN
2,7,NaN,NaN,NaN,23,14,1.5e-06,5e-07,1,1,1,963,2880,3,10
2,7,NaN,NaN,NaN,23,3,2e-06,0,1,1,1,964,2880,3,50
2,7,NaN,NaN,NaN,23,10,3e-06,0,1,1,1,965,2880,3,90
2,7,NaN,NaN,NaN,23,28,3.25e-06,NaN,0,1,1,966,2880,3,100
2,7,NaN,NaN,NaN,23,2,0.0001,NaN,0,1,1,967,2880,3,NaN
2,7,NaN,NaN,NaN,23,14,NaN,NaN,1,1,1,968,2880,3,10
2,7,NaN,NaN,NaN,23,3,0.000187,2e-05,1,1,1,969,2880,3,50
2,7,NaN,NaN,NaN,23,10,NaN,NaN,1,1,1,970,2880,3,90
2,7,NaN,NaN,NaN,23,28,0.000275,NaN,0,1,1,971,2880,3,100
2,7,57.6,56.4,58.8,23,14,NaN,NaN,NaN,5,1,972,2880,3,10
2,7,57.6,56.4,58.8,23,3,0.000121,2.25e-05,1,5,1,973,2880,3,50
2,7,57.6,56.4,58.8,23,14,NaN,NaN,NaN,5,1,974,2880,3,10
2,7,57.6,56.4,58.8,23,3,8.95e-06,1.53e-06,1,5,1,975,2880,3,50
2,7,57.6,56.4,58.8,23,14,NaN,NaN,NaN,5,1,976,2880,3,10
2,7,57.6,56.4,58.8,23,3,NaN,NaN,NaN,5,1,977,2880,3,50
2,1,NaN,NaN,NaN,5,8,5e-05,NaN,0,5,1,978,2880,3,NaN
2,1,NaN,NaN,NaN,5,158,0.025,NaN,0,5,1,979,2880,3,79
2,1,NaN,NaN,NaN,5,8,0.0005,NaN,0,5,1,980,2880,3,NaN
2,1,NaN,NaN,NaN,5,159,0.025,NaN,0,5,1,981,2880,3,14
2,1,NaN,NaN,NaN,5,8,5e-06,NaN,0,5,1,982,2880,3,NaN
2,1,NaN,NaN,NaN,5,12,0.0005,NaN,0,5,1,983,2880,3,50
2,1,NaN,NaN,NaN,5,8,0.0005,NaN,0,5,1,984,2880,3,NaN
2,1,NaN,NaN,NaN,5,12,0.005,NaN,0,5,1,985,2880,3,50
2,1,NaN,NaN,NaN,17,22,2e-05,NaN,0,5,1,986,2880,3,NaN
2,1,NaN,NaN,NaN,17,160,2e-05,NaN,0,5,1,987,2880,3,3.5
2,33,10.9,10.1,11.7,23,12,4.1e-07,1e-07,0,5,1,988,2880,3,50
2,34,11,10.3,11.7,23,12,2.88e-06,8e-08,0,5,1,989,2880,3,50
2,33,11,10.1,11.9,23,12,4.79e-06,2.5e-07,0,5,1,990,2880,3,50
2,7,NaN,NaN,NaN,23,161,2e-09,NaN,0,7,3,991,2880,3,60
2,7,NaN,NaN,NaN,23,162,4e-09,NaN,0,7,3,992,2880,3,NaN
2,7,NaN,NaN,NaN,23,163,6e-09,NaN,0,7,3,993,2880,3,NaN
2,7,NaN,NaN,NaN,23,164,8e-09,NaN,0,7,3,994,2880,3,NaN
2,7,NaN,NaN,NaN,23,164,1e-08,NaN,0,7,3,995,2880,3,NaN
2,7,NaN,NaN,NaN,23,165,1.2e-08,NaN,0,7,3,996,2880,3,NaN
2,1,0,-9999,9999,23,12,1.102e-05,8.8e-07,0,5,1,997,2880,3,50
2,1,0,-9999,9999,23,12,7.2e-05,1.85e-06,0,5,1,998,2880,3,50
2,7,28,27.8,28.2,23,12,1.15e-05,1.25e-06,1,5,1,999,2880,3,50
2,7,28,27.8,28.2,23,12,1.04e-05,1.45e-06,1,5,1,1000,2880,3,50
2,7,28,27.8,28.2,23,12,NaN,NaN,1,5,1,1001,2880,3,50
2,7,57,56.8,57.2,23,12,9.8e-06,1.85e-06,1,5,1,1002,2880,3,50
2,7,57,56.8,57.2,23,12,7.6e-06,2.4e-06,1,5,1,1003,2880,3,50
2,7,57,56.8,57.2,23,12,NaN,NaN,1,5,1,1004,2880,3,50
2,7,86,85.6,86.4,23,12,NaN,NaN,1,5,1,1005,2880,3,50
2,7,86,85.6,86.4,23,12,NaN,NaN,1,5,1,1006,2880,3,50
2,7,86,85.6,86.4,23,12,NaN,NaN,1,5,1,1007,2880,3,50
2,7,28,27.8,28.2,23,12,NaN,NaN,1,5,1,1008,2880,3,50
2,7,28,27.8,28.2,23,12,8.1e-06,1.3e-06,1,5,1,1009,2880,3,50
2,7,28,27.8,28.2,23,12,1.02e-05,2.1e-06,1,5,1,1010,2880,3,50
2,7,57,56.8,57.2,23,12,NaN,NaN,1,5,1,1011,2880,3,50
2,7,57,56.8,57.2,23,12,4.2e-06,5.5e-07,1,5,1,1012,2880,3,50
2,7,57,56.8,57.2,23,12,NaN,NaN,1,5,1,1013,2880,3,50
2,7,86,85.6,86.4,23,12,NaN,NaN,1,5,1,1014,2880,3,50
2,7,86,85.6,86.4,23,12,8.7e-06,1.25e-06,1,5,1,1015,2880,3,50
2,7,86,85.6,86.4,23,12,NaN,NaN,1,5,1,1016,2880,3,50
4,1,NaN,NaN,NaN,23,14,NaN,NaN,NaN,1,1,1017,2880,3,10
4,1,NaN,NaN,NaN,23,3,NaN,NaN,NaN,1,1,1018,2880,3,50
4,1,NaN,NaN,NaN,23,14,0.0851,NaN,0,1,1,1019,2880,3,10
4,1,NaN,NaN,NaN,23,3,NaN,NaN,NaN,1,1,1020,2880,3,50
4,1,NaN,NaN,NaN,23,14,0.0912,NaN,0,1,1,1021,2880,3,10
4,1,NaN,NaN,NaN,23,3,NaN,NaN,NaN,1,1,1022,2880,3,50
4,1,NaN,NaN,NaN,23,14,0.0037,NaN,0,1,1,1023,2880,3,10
4,1,NaN,NaN,NaN,23,3,NaN,NaN,NaN,1,1,1024,2880,3,50
4,1,NaN,NaN,NaN,23,14,NaN,NaN,NaN,1,1,1025,2880,3,10
4,1,NaN,NaN,NaN,23,14,NaN,NaN,NaN,1,1,1026,2880,3,10
4,1,NaN,NaN,NaN,23,3,NaN,NaN,NaN,1,1,1027,2880,3,50
4,1,NaN,NaN,NaN,23,14,NaN,NaN,NaN,1,1,1028,2880,3,10
4,1,NaN,NaN,NaN,23,3,NaN,NaN,NaN,1,1,1029,2880,3,50
4,1,NaN,NaN,NaN,23,14,NaN,NaN,NaN,1,1,1030,2880,3,10
4,1,NaN,NaN,NaN,23,3,NaN,NaN,NaN,1,1,1031,2880,3,50
4,1,NaN,NaN,NaN,23,14,NaN,NaN,NaN,1,1,1032,2880,3,10
4,1,NaN,NaN,NaN,23,3,NaN,NaN,NaN,1,1,1033,2880,3,50
4,1,NaN,NaN,NaN,23,14,NaN,NaN,NaN,1,1,1034,2880,3,10
4,1,NaN,NaN,NaN,23,3,NaN,NaN,NaN,1,1,1035,2880,3,50
4,1,NaN,NaN,NaN,23,14,0.0764,NaN,0,1,1,1036,2880,3,10
4,1,NaN,NaN,NaN,23,3,NaN,NaN,NaN,1,1,1037,2880,3,50
4,1,NaN,NaN,NaN,23,13,0.01,NaN,0,1,1,1038,2880,3,20
4,1,NaN,NaN,NaN,23,2,NaN,NaN,NaN,1,1,1039,2880,3,NaN
4,1,NaN,NaN,NaN,23,3,NaN,NaN,NaN,1,1,1040,2880,3,50
4,1,NaN,NaN,NaN,23,12,NaN,NaN,NaN,1,1,1041,2880,3,50
4,1,NaN,NaN,NaN,23,166,0.25,NaN,0,1,1,1042,2880,3,35
4,1,NaN,NaN,NaN,23,13,0.003,NaN,0,1,1,1043,2880,3,20
4,1,NaN,NaN,NaN,23,14,0.003,NaN,0,1,1,1044,2880,3,10
4,1,30,NaN,NaN,23,91,0.01,NaN,0,4,1,1045,2880,3,100
4,1,30,NaN,NaN,23,12,0.0055,NaN,0,4,1,1046,2880,3,50
4,1,30,NaN,NaN,23,8,0.002,NaN,0,4,1,1047,2880,3,NaN
4,1,30,NaN,NaN,23,2,0.001,NaN,0,4,1,1048,2880,3,NaN
4,1,0,-9999,9999,23,167,0.5,NaN,0,4,1,1049,2880,3,NaN
4,1,0,-9999,9999,5,2,0.001,NaN,0,5,1,1050,2880,3,NaN
4,1,687.5,NaN,NaN,5,12,0.01,NaN,0,1,1,1051,2880,3,50
4,1,NaN,NaN,NaN,23,100,NaN,NaN,NaN,1,1,1052,2880,3,NaN
4,1,0,-9999,9999,23,2,0.1,NaN,0,1,1,1053,2880,3,NaN
4,1,0,-9999,9999,23,168,0.15,NaN,0,1,1,1054,2880,3,15
4,1,0,-9999,9999,23,169,1.5,NaN,0,1,1,1055,2880,3,55
4,1,0,-9999,9999,23,12,2.98e-05,5.15e-06,1,5,1,1056,2880,3,50
4,1,0,-9999,9999,18,170,10,NaN,0,1,1,1057,2880,3,NaN
4,1,805,NaN,NaN,18,171,10,NaN,0,1,1,1058,2880,3,NaN
4,1,1209,NaN,NaN,18,172,10,NaN,0,1,1,1059,2880,3,NaN
4,1,0,-9999,9999,23,3,NaN,NaN,1,1,1,1060,2880,3,50
4,1,0,-9999,9999,23,3,NaN,NaN,1,1,1,1061,2880,3,50
4,1,0,-9999,9999,23,59,NaN,NaN,1,1,1,1062,2880,3,51
4,1,0,-9999,9999,23,153,0.0278,0.00885,1,1,1,1063,2880,3,52
4,1,400,NaN,NaN,23,2,0.1,NaN,0,1,1,1064,2880,3,NaN
4,1,350,NaN,NaN,23,2,0.1,NaN,0,1,1,1065,2880,3,NaN
4,1,400,NaN,NaN,23,2,0.1,NaN,0,1,1,1066,2880,3,NaN
4,1,350,NaN,NaN,23,2,0.1,NaN,0,1,1,1067,2880,3,NaN
4,1,330,NaN,NaN,23,3,0.0569,NaN,0,1,1,1068,2880,3,50
4,1,400,NaN,NaN,23,3,NaN,NaN,NaN,1,1,1069,2880,3,50
4,1,450,NaN,NaN,23,3,0.0125,NaN,0,1,1,1070,2880,3,50
4,1,400,NaN,NaN,23,3,0.0079,NaN,0,1,1,1071,2880,3,50
4,1,350,NaN,NaN,23,3,NaN,NaN,NaN,1,1,1072,2880,3,50
4,1,NaN,NaN,NaN,23,12,NaN,NaN,NaN,1,1,1073,2880,3,50
4,1,NaN,NaN,NaN,23,38,NaN,NaN,1,1,1,1074,2880,3,NaN
4,1,NaN,NaN,NaN,23,100,NaN,NaN,1,1,1,1075,2880,3,NaN
4,1,94,NaN,NaN,23,2,0.008,NaN,0,1,1,1076,2880,3,NaN
4,1,NaN,NaN,NaN,27,3,0.00537,0.00099,0,1,1,1077,2880,3,50
4,1,NaN,NaN,NaN,27,3,0.01043,NaN,0,1,1,1078,2880,3,50
4,1,NaN,NaN,NaN,27,3,0.2673,NaN,0,1,1,1079,2880,3,50
4,1,517.34,NaN,NaN,23,3,0.00826,NaN,0,1,1,1080,2880,3,50
4,1,925.95,NaN,NaN,23,3,0.02745,NaN,0,1,1,1081,2880,3,50
4,1,1120,1070,1170,11,14,NaN,NaN,1,1,1,1082,2880,3,10
4,1,1120,1070,1170,11,3,NaN,NaN,1,1,1,1083,2880,3,50
4,1,38,24,52,5,2,0.025,NaN,0,5,1,1084,2880,3,NaN
4,1,65,51,79,5,8,0.005,NaN,0,5,1,1085,2880,3,NaN
4,1,475,347,603,5,2,0.025,NaN,0,5,1,1086,2880,3,NaN
4,35,590,531,649,17,3,0.03856,0.002915,1,1,1,1087,2880,3,50
4,35,590,531,649,17,3,0.01639,0.003085,1,1,1,1088,2880,3,50
4,1,578.2,525.3,631.1,23,3,NaN,NaN,NaN,1,1,1089,2880,3,50
4,1,1373.3,1013.1,1733.5,23,3,NaN,NaN,NaN,1,1,1090,2880,3,50
4,1,1715,735,2695,23,3,NaN,NaN,1,1,1,1091,2880,3,50
4,1,3711.2,-1168.6,8591,23,3,NaN,NaN,1,1,1,1092,2880,3,50
4,1,578.2,525.3,631.1,23,3,NaN,NaN,1,1,1,1093,2880,3,50
4,1,1373.3,1013.1,1733.5,23,3,NaN,NaN,1,1,1,1094,2880,3,50
4,1,1715,735,2695,23,3,0.00405,0.001635,1,1,1,1095,2880,3,50
4,1,3711.2,-1168.6,8591,23,3,NaN,NaN,1,1,1,1096,2880,3,50
4,7,914,891,937,23,12,NaN,NaN,1,1,1,1097,2880,3,50
4,7,914,891,937,5,12,NaN,NaN,NaN,1,1,1098,2880,3,50
4,7,1085,970,1200,23,12,NaN,NaN,1,5,1,1099,2880,3,50
4,7,1085,970,1200,5,12,0.0085,0.00135,1,1,1,1100,2880,3,50
4,12,NaN,NaN,NaN,23,12,NaN,NaN,NaN,12,1,1101,2880,3,50
5,1,NaN,NaN,NaN,23,100,0.0032,0.0016,0,1,1,1102,2880,3,NaN
5,1,NaN,NaN,NaN,23,101,0.0012,0.00026,0,1,1,1103,2880,3,NaN
5,1,NaN,NaN,NaN,23,2,0.0005,NaN,0,1,1,1104,2880,3,NaN
5,1,NaN,NaN,NaN,23,2,0.00156,NaN,0,1,1,1105,2880,3,NaN
5,1,NaN,NaN,NaN,23,8,0.00313,NaN,0,1,1,1106,2880,3,NaN
5,1,NaN,NaN,NaN,23,3,NaN,NaN,1,1,1,1107,2880,3,50
5,1,NaN,NaN,NaN,23,38,0.0026,0.0013,0,1,1,1108,2880,3,NaN
5,1,NaN,NaN,NaN,23,38,0.0927,0.0124,0,1,1,1109,2880,3,NaN
5,1,NaN,NaN,NaN,23,38,0.149,0.0166,0,1,1,1110,2880,3,NaN
5,1,NaN,NaN,NaN,23,38,0.16,0.0284,0,1,1,1111,2880,3,NaN
5,1,NaN,NaN,NaN,23,38,0.2,0.0175,0,1,1,1112,2880,3,NaN
5,1,NaN,NaN,NaN,23,38,0.224,0.0159,0,1,1,1113,2880,3,NaN
5,1,NaN,NaN,NaN,23,38,NaN,NaN,NaN,1,1,1114,2880,3,NaN
6,1,NaN,NaN,NaN,28,2,0.1,NaN,0,1,1,1115,2880,3,NaN
11,13,NaN,NaN,NaN,23,12,NaN,NaN,NaN,12,1,1116,2880,3,50
7,2,NaN,NaN,NaN,23,7,0.04,NaN,0,1,1,1117,2880,3,NaN
14,2,NaN,NaN,NaN,23,7,0.12,NaN,0,1,1,1118,2880,3,NaN
15,2,NaN,NaN,NaN,23,7,0.089,NaN,0,1,1,1119,2880,3,NaN
8,2,NaN,NaN,NaN,5,173,NaN,NaN,NaN,1,1,1120,2880,3,NaN
10,7,NaN,NaN,NaN,5,8,NaN,NaN,NaN,1,1,1121,2880,3,NaN
3,12,NaN,NaN,NaN,9,28,0.32,NaN,0,12,1,1122,7200,4,100
3,12,NaN,NaN,NaN,9,61,0.13,NaN,0,12,1,1123,7200,4,88
3,12,NaN,NaN,NaN,9,137,0.064,NaN,0,12,1,1124,7200,4,67
3,12,NaN,NaN,NaN,9,28,0.32,NaN,0,12,1,1125,7200,4,100
3,12,NaN,NaN,NaN,9,174,0.13,NaN,0,12,1,1126,7200,4,93
3,12,NaN,NaN,NaN,9,10,0.064,NaN,0,12,1,1127,7200,4,90
3,12,NaN,NaN,NaN,9,28,0.32,NaN,0,12,1,1128,7200,4,100
3,12,NaN,NaN,NaN,9,175,0.13,NaN,0,12,1,1129,7200,4,94
3,12,NaN,NaN,NaN,9,176,0.064,NaN,0,12,1,1130,7200,4,82
3,12,NaN,NaN,NaN,9,28,0.64,NaN,0,12,1,1131,7200,4,100
2,1,NaN,NaN,NaN,9,2,0.02,NaN,0,1,1,1132,7200,4,NaN
2,1,NaN,NaN,NaN,9,8,0.01,NaN,0,1,1,1133,7200,4,NaN
2,1,NaN,NaN,NaN,9,13,0.01,NaN,0,1,1,1134,7200,4,20
2,1,NaN,NaN,NaN,9,3,0.02,NaN,0,1,1,1135,7200,4,50
2,1,NaN,NaN,NaN,9,8,0.01,NaN,0,1,1,1136,7200,4,NaN
2,1,NaN,NaN,NaN,9,2,0.02,NaN,0,1,1,1137,7200,4,NaN
2,1,NaN,NaN,NaN,9,8,0.02,NaN,0,1,1,1138,7200,4,NaN
2,1,NaN,NaN,NaN,9,2,0.1,NaN,0,1,1,1139,7200,4,NaN
2,1,NaN,NaN,NaN,9,8,0.02,NaN,0,1,1,1140,7200,4,NaN
2,1,NaN,NaN,NaN,9,2,0.1,NaN,0,1,1,1141,7200,4,NaN
2,1,NaN,NaN,NaN,9,8,0.02,NaN,0,1,1,1142,7200,4,NaN
2,1,NaN,NaN,NaN,9,14,0.01,NaN,0,1,1,1143,7200,4,10
2,1,NaN,NaN,NaN,9,13,0.02,NaN,0,1,1,1144,7200,4,20
2,1,NaN,NaN,NaN,9,13,0.1,NaN,0,1,1,1145,7200,4,20
2,1,NaN,NaN,NaN,9,8,0.01,NaN,0,1,1,1146,7200,4,NaN
2,1,NaN,NaN,NaN,9,2,0.1,NaN,0,1,1,1147,7200,4,NaN
2,1,NaN,NaN,NaN,9,8,0.01,NaN,0,1,1,1148,7200,4,NaN
2,1,NaN,NaN,NaN,9,2,0.1,NaN,0,1,1,1149,7200,4,NaN
2,1,NaN,NaN,NaN,9,8,0.01,NaN,0,1,1,1150,7200,4,NaN
2,1,NaN,NaN,NaN,9,14,0.01,NaN,0,1,1,1151,7200,4,10
2,1,NaN,NaN,NaN,9,13,0.02,NaN,0,1,1,1152,7200,4,20
2,1,NaN,NaN,NaN,9,13,0.1,NaN,0,1,1,1153,7200,4,20
2,1,NaN,NaN,NaN,9,8,0.01,NaN,0,1,1,1154,7200,4,NaN
4,12,NaN,NaN,NaN,9,34,1.12,NaN,0,12,1,1155,7200,4,40
4,12,NaN,NaN,NaN,9,98,1.12,NaN,0,12,1,1156,7200,4,60
4,12,NaN,NaN,NaN,9,156,1.12,NaN,0,12,1,1157,7200,4,46
4,12,NaN,NaN,NaN,9,58,1.12,NaN,0,12,1,1158,7200,4,55
11,13,NaN,NaN,NaN,9,71,0.67,NaN,0,15,1,1159,7200,4,64
11,13,NaN,NaN,NaN,9,40,0.67,NaN,0,15,1,1160,7200,4,74
11,13,NaN,NaN,NaN,9,177,0.67,NaN,0,15,1,1161,7200,4,87
11,13,NaN,NaN,NaN,9,28,0.67,NaN,0,15,1,1162,7200,4,100
1,1,NaN,NaN,NaN,1,3,0.1702,NaN,0,1,1,1163,5,1,50
3,12,NaN,NaN,NaN,1,47,0.064,NaN,0,12,1,1164,5,1,80
4,1,1425,NaN,NaN,1,13,28.11,NaN,0,1,1,1165,5,1,20
4,1,1425,NaN,NaN,1,3,63.5,NaN,0,1,1,1166,5,1,50
4,1,1425,NaN,NaN,1,3,NaN,NaN,1,1,1,1167,5,1,50
11,13,NaN,NaN,NaN,1,3,0.24,NaN,0,15,1,1168,5,1,50
2,1,33.8,NaN,NaN,1,3,NaN,NaN,NaN,1,1,1169,NaN,NaN,50
11,1,NaN,NaN,NaN,1,3,NaN,NaN,NaN,1,1,1170,NaN,NaN,50
5,1,204,203,205,33,2,0.2,NaN,0,14,2,1171,7200,4,NaN
8,2,NaN,NaN,NaN,5,8,0.06,NaN,0,1,1,1172,3120,3,NaN
2,1,NaN,NaN,NaN,18,2,0.2,NaN,0,3,2,1173,80640,5,NaN
2,1,NaN,NaN,NaN,18,2,0.015,NaN,0,3,2,1174,80640,5,NaN
2,1,NaN,NaN,NaN,18,8,0.03,NaN,0,3,2,1175,80640,5,NaN
2,1,NaN,NaN,NaN,18,3,NaN,NaN,NaN,3,2,1176,80640,5,50
1,1,103,NaN,NaN,23,28,0.23,NaN,0,3,2,1177,8640,4,100
2,7,443,428,458,1,178,0.00026,1e-05,0,2,1,1178,360,2,64.3
2,7,443,428,458,1,179,0.00055,6e-05,0,2,1,1179,360,2,65.7
2,7,443,428,458,1,180,0.00075,7e-05,0,2,1,1180,360,2,72.1
2,7,443,428,458,1,181,0.001,7e-05,0,2,1,1181,360,2,NaN
2,7,443,428,458,1,182,0.00026,1e-05,0,2,1,1182,360,2,53.8
2,7,443,428,458,1,183,0.00055,6e-05,0,2,1,1183,360,2,61.4
2,7,443,428,458,1,184,0.00075,7e-05,0,2,1,1184,360,2,71.4
2,7,443,428,458,1,185,0.001,7e-05,0,2,1,1185,360,2,73.6
2,7,443,428,458,1,186,0.00026,1e-05,0,2,1,1186,360,2,47.3
2,7,443,428,458,1,187,0.00055,6e-05,0,2,1,1187,360,2,52.1
2,7,443,428,458,1,188,0.00075,7e-05,0,2,1,1188,360,2,61.5
2,7,443,428,458,1,189,0.001,7e-05,0,2,1,1189,360,2,65.9
10,22,NaN,NaN,NaN,5,28,0.0015,NaN,0,1,1,1190,3600,3,100
1,1,165,NaN,NaN,1,190,0.08,NaN,0,1,1,1191,60,2,NaN
1,1,185,NaN,NaN,1,50,NaN,NaN,NaN,1,1,1192,60,2,27
1,1,177,173,181,1,1,0.1004,0.0023,0,1,1,1193,60,2,50
2,1,140,133,147,1,1,0.0038,0.0001,0,1,1,1194,60,2,50
2,1,40,39,41,1,2,0.005,0.0007,0,1,1,1195,60,2,NaN
4,1,144,NaN,NaN,1,191,0.08,NaN,0,1,1,1196,60,2,19
4,1,124,NaN,NaN,1,192,0.08,NaN,0,2,1,1197,60,2,NaN
3,7,8.5,8.3,8.7,8,2,0.1,NaN,0,1,1,1198,10080,4,NaN
4,36,NaN,NaN,NaN,9,2,1,NaN,0,1,1,1199,10080,4,NaN
4,25,NaN,NaN,NaN,23,12,0.2109,0.0134,0,1,1,1200,10080,4,50
4,25,NaN,NaN,NaN,23,3,0.0003,NaN,0,1,1,1201,10080,4,50
10,1,0,-9999,9999,9,9,0.01,NaN,0,1,1,1202,10080,4,25
10,1,0,-9999,9999,9,24,0.002,NaN,0,1,1,1203,10080,4,30
10,1,0,-9999,9999,9,98,0.002,NaN,0,1,1,1204,10080,4,60
2,7,NaN,NaN,NaN,1,193,0.005,NaN,0,1,1,1205,10080,4,65.9
1,1,NaN,NaN,NaN,11,2,1e-05,NaN,0,5,1,1206,10080,4,NaN
1,1,NaN,NaN,NaN,11,8,9.9e-05,NaN,0,5,1,1207,10080,4,NaN
1,1,NaN,NaN,NaN,11,13,7e-05,NaN,0,5,1,1208,10080,4,20
1,1,NaN,NaN,NaN,23,2,9.9e-05,NaN,0,5,1,1209,10080,4,NaN
1,1,NaN,NaN,NaN,23,8,0.000168,NaN,0,5,1,1210,10080,4,NaN
1,1,NaN,NaN,NaN,23,13,0.000112,NaN,0,5,1,1211,10080,4,20
1,26,NaN,NaN,NaN,23,12,0.00017,1e-05,0,1,1,1212,10080,4,50
1,26,NaN,NaN,NaN,23,3,5.4e-05,NaN,0,1,1,1213,10080,4,50
3,27,NaN,NaN,NaN,23,12,0.0971,0.0061,0,1,1,1214,10080,4,50
3,27,NaN,NaN,NaN,23,3,0.00079,NaN,0,1,1,1215,10080,4,50
2,7,NaN,NaN,NaN,1,194,0.005,NaN,0,1,1,1216,10080,4,22.4
1,1,NaN,NaN,NaN,18,2,5,NaN,0,11,2,1217,10080,4,NaN
3,11,90,88,92,8,2,0.1,NaN,0,1,1,1218,10080,4,NaN
2,1,33.8,NaN,NaN,9,195,0.1,NaN,0,1,1,1219,10080,4,NaN
2,1,33.8,NaN,NaN,9,196,0.1,NaN,0,1,1,1220,10080,4,NaN
2,7,149,119.2,178.8,34,2,0.0001,NaN,0,5,1,1221,10080,4,NaN
2,7,149,119.2,178.8,34,8,0.0005,NaN,0,5,1,1222,10080,4,NaN
2,7,149,119.2,178.8,34,14,NaN,NaN,1,5,1,1223,10080,4,10
2,7,149,119.2,178.8,34,3,NaN,NaN,1,5,1,1224,10080,4,50
2,7,57.3,54.1,60.5,34,2,5e-05,NaN,0,5,1,1225,10080,4,NaN
2,7,57.3,54.1,60.5,34,8,0.0001,NaN,0,5,1,1226,10080,4,NaN
2,7,57.3,54.1,60.5,34,14,NaN,NaN,1,5,1,1227,10080,4,10
2,7,57.3,54.1,60.5,34,3,NaN,NaN,1,5,1,1228,10080,4,50
2,7,105,86.5,123.5,34,2,5e-06,NaN,0,5,1,1229,10080,4,NaN
2,7,105,86.5,123.5,34,8,1e-05,NaN,0,5,1,1230,10080,4,NaN
2,7,105,86.5,123.5,34,14,NaN,NaN,1,5,1,1231,10080,4,10
2,7,105,86.5,123.5,34,3,NaN,NaN,1,5,1,1232,10080,4,50
2,7,240,NaN,NaN,9,34,0.001,NaN,0,1,1,1233,10080,4,40
2,7,240,NaN,NaN,9,60,0.01,NaN,0,1,1,1234,10080,4,45
2,7,240,NaN,NaN,9,3,0.00936,0.00236,0,1,1,1235,10080,4,50
2,7,240,NaN,NaN,9,29,0.01,NaN,0,1,1,1236,10080,4,80
2,37,47.9,18.7,77.1,9,2,0.1,NaN,0,14,2,1237,10080,4,NaN
4,1,229,181,277,9,2,0.1,NaN,0,1,1,1238,10080,4,NaN
4,1,NaN,NaN,NaN,9,2,0.1,NaN,0,1,1,1239,10080,4,NaN
4,1,NaN,NaN,NaN,9,2,0.1,NaN,0,1,1,1240,10080,4,NaN
4,1,1000,NaN,9999,9,2,0.1,NaN,0,1,1,1241,10080,4,NaN
4,1,97.16,95.2,99.12,23,90,0.002,NaN,0,1,1,1242,10080,4,90
4,1,NaN,NaN,NaN,1,3,NaN,NaN,NaN,1,1,1243,10080,4,50
4,7,217,180,254,9,2,0.00125,NaN,0,18,4,1244,10080,4,NaN
4,1,NaN,NaN,NaN,23,2,0.005,NaN,0,1,1,1245,10080,4,NaN
4,1,NaN,NaN,NaN,23,2,0.005,NaN,0,1,1,1246,10080,4,NaN
4,1,NaN,NaN,NaN,23,2,0.005,NaN,0,1,1,1247,10080,4,NaN
4,1,NaN,NaN,NaN,23,2,0.005,NaN,0,1,1,1248,10080,4,NaN
4,1,NaN,NaN,NaN,23,2,0.005,NaN,0,1,1,1249,10080,4,NaN
4,1,NaN,NaN,NaN,23,2,0.005,NaN,0,1,1,1250,10080,4,NaN
11,1,NaN,NaN,NaN,9,197,0.116,NaN,0,1,1,1251,10080,4,NaN
11,1,NaN,NaN,NaN,9,198,0.116,NaN,0,1,1,1252,10080,4,NaN
3,1,38.3,NaN,NaN,1,2,1e-07,NaN,0,7,3,1253,420,2,NaN
1,5,0,-9999,9999,11,3,NaN,NaN,NaN,5,1,1254,4320,3,50
1,5,0,-9999,9999,11,3,NaN,NaN,NaN,5,1,1255,4320,3,50
1,1,103,NaN,NaN,9,2,0.23,NaN,0,3,2,1256,4320,3,NaN
1,1,103,NaN,NaN,9,9,0.23,NaN,0,3,2,1257,4320,3,25
1,1,264,259,269,11,1,NaN,NaN,NaN,1,1,1258,4320,3,50
1,1,264,259,269,11,1,NaN,NaN,NaN,1,1,1259,4320,3,50
1,1,264,259,269,11,1,NaN,NaN,NaN,1,1,1260,4320,3,50
3,1,479,NaN,NaN,11,2,0.0032,NaN,0,1,1,1261,4320,3,NaN
3,1,479,NaN,NaN,11,26,0.0056,NaN,0,1,1,1262,4320,3,NaN
3,1,479,NaN,NaN,11,36,0.0026,0.0005,0,1,1,1263,4320,3,NaN
3,1,479,NaN,NaN,11,37,0.004,0.0006,0,1,1,1264,4320,3,NaN
3,1,479,NaN,NaN,11,38,0.0102,0.0044,0,1,1,1265,4320,3,NaN
3,1,441,NaN,NaN,5,55,NaN,NaN,NaN,1,1,1266,4320,3,NaN
3,1,441,NaN,NaN,5,55,NaN,NaN,NaN,1,1,1267,4320,3,NaN
3,1,441,NaN,NaN,5,55,NaN,NaN,NaN,1,1,1268,4320,3,NaN
3,1,462,NaN,NaN,11,55,0.0032,NaN,0,1,1,1269,4320,3,NaN
3,1,462,NaN,NaN,11,26,0.0056,NaN,0,1,1,1270,4320,3,NaN
3,1,462,NaN,NaN,11,36,0.0034,0.0008,0,1,1,1271,4320,3,NaN
3,1,462,NaN,NaN,11,37,0.005,0.0009,0,1,1,1272,4320,3,NaN
3,1,462,NaN,NaN,11,38,0.0117,0.0049,0,1,1,1273,4320,3,NaN
3,1,543,NaN,NaN,5,55,NaN,NaN,NaN,1,1,1274,4320,3,NaN
3,1,543,NaN,NaN,5,55,NaN,NaN,NaN,1,1,1275,4320,3,NaN
3,1,543,NaN,NaN,5,55,NaN,NaN,NaN,1,1,1276,4320,3,NaN
3,1,552,NaN,NaN,11,55,0.0032,NaN,0,1,1,1277,4320,3,NaN
3,1,552,NaN,NaN,11,26,0.0056,NaN,0,1,1,1278,4320,3,NaN
3,1,552,NaN,NaN,11,36,0.0054,0.0012,0,1,1,1279,4320,3,NaN
3,1,552,NaN,NaN,11,37,0.0085,0.0019,0,1,1,1280,4320,3,NaN
3,1,552,NaN,NaN,11,38,0.0191,0.0068,0,1,1,1281,4320,3,NaN
3,1,464,NaN,NaN,5,55,NaN,NaN,NaN,1,1,1282,4320,3,NaN
3,1,464,NaN,NaN,5,55,NaN,NaN,NaN,1,1,1283,4320,3,NaN
3,1,464,NaN,NaN,5,55,NaN,NaN,NaN,1,1,1284,4320,3,NaN
3,1,2107,NaN,NaN,11,3,0.00095,7e-05,1,1,1,1285,4320,3,50
3,1,2107,NaN,NaN,11,3,NaN,NaN,NaN,1,1,1286,4320,3,50
3,1,2107,NaN,NaN,11,3,0.0052,0.0021,1,1,1,1287,4320,3,50
3,1,1546,NaN,NaN,11,3,0.00088,0.00038,1,1,1,1288,4320,3,50
3,1,1546,NaN,NaN,11,3,NaN,NaN,NaN,1,1,1289,4320,3,50
3,1,1546,NaN,NaN,11,3,NaN,NaN,NaN,1,1,1290,4320,3,50
3,1,499,NaN,NaN,11,3,NaN,NaN,NaN,1,1,1291,4320,3,50
3,1,499,NaN,NaN,11,3,0.0123,0.0028,1,1,1,1292,4320,3,50
3,1,1599,NaN,NaN,11,3,0.0164,0.00315,1,1,1,1293,4320,3,50
3,1,1599,NaN,NaN,11,3,0.0085,0.00305,1,1,1,1294,4320,3,50
3,1,NaN,NaN,NaN,11,36,NaN,NaN,NaN,1,1,1295,4320,3,NaN
3,1,NaN,NaN,NaN,11,37,NaN,NaN,NaN,1,1,1296,4320,3,NaN
3,1,NaN,NaN,NaN,11,3,0.0056,0.0008,1,1,1,1297,4320,3,50
3,1,NaN,NaN,NaN,11,36,NaN,NaN,NaN,1,1,1298,4320,3,NaN
3,1,NaN,NaN,NaN,11,37,0.0011,0.0002,1,1,1,1299,4320,3,NaN
3,1,NaN,NaN,NaN,11,3,0.0041,0.0004,1,1,1,1300,4320,3,50
3,1,NaN,NaN,NaN,11,36,NaN,NaN,NaN,1,1,1301,4320,3,NaN
3,1,NaN,NaN,NaN,11,37,NaN,NaN,NaN,1,1,1302,4320,3,NaN
3,1,NaN,NaN,NaN,11,3,0.0062,0.0007,1,1,1,1303,4320,3,50
3,31,NaN,NaN,NaN,23,3,0.00094,NaN,0,1,1,1304,4320,3,50
4,38,597.56,NaN,NaN,11,3,1.76e-06,5e-07,0,5,1,1305,4320,3,50
4,38,597.56,NaN,NaN,11,3,6.57e-06,7.5e-07,0,5,1,1306,4320,3,50
3,7,84,NaN,NaN,11,14,NaN,NaN,1,1,1,1307,4320,3,10
3,7,84,NaN,NaN,11,3,2.4e-05,3.5e-06,1,1,1,1308,4320,3,50
3,7,84,NaN,NaN,11,14,NaN,NaN,1,1,1,1309,4320,3,10
3,7,84,NaN,NaN,11,3,1.3e-05,2e-06,1,1,1,1310,4320,3,50
2,1,12.9,NaN,NaN,5,12,0.0001266,1.96e-05,1,5,1,1311,4320,3,50
2,1,35,NaN,NaN,5,12,7.85e-05,8.25e-06,1,5,1,1312,4320,3,50
2,1,40.6,NaN,NaN,5,12,9.11e-05,1.335e-05,1,5,1,1313,4320,3,50
2,1,10.9,NaN,NaN,5,12,0.0001008,1.26e-05,1,5,1,1314,4320,3,50
2,1,0,-9999,9999,21,13,5e-05,NaN,0,1,1,1315,4320,3,20
2,1,0,-9999,9999,21,95,0.0001,NaN,0,1,1,1316,4320,3,70
2,1,0,-9999,9999,21,13,0.0001,NaN,0,1,1,1317,4320,3,20
2,1,0,-9999,9999,21,98,0.0005,NaN,0,1,1,1318,4320,3,60
2,1,0,-9999,9999,21,2,5e-05,NaN,0,1,1,1319,4320,3,NaN
2,1,0,-9999,9999,21,14,0.0001,NaN,0,1,1,1320,4320,3,10
2,1,0,-9999,9999,21,98,0.0005,NaN,0,1,1,1321,4320,3,60
2,1,0,-9999,9999,21,60,5e-05,NaN,0,1,1,1322,4320,3,45
2,1,0,-9999,9999,21,67,0.0001,NaN,0,1,1,1323,4320,3,65
2,1,0,-9999,9999,21,11,0.0005,NaN,0,1,1,1324,4320,3,75
2,1,0,-9999,9999,8,2,0.001,NaN,0,1,1,1325,4320,3,NaN
2,1,0,-9999,9999,8,2,0.001,NaN,0,1,1,1326,4320,3,NaN
2,1,0,-9999,9999,11,3,3.24e-05,2.09e-06,0,5,1,1327,4320,3,50
4,1,NaN,NaN,NaN,23,2,NaN,NaN,NaN,1,1,1328,4320,3,NaN
4,1,NaN,NaN,NaN,23,3,0.00162,NaN,0,1,1,1329,4320,3,50
4,1,NaN,NaN,NaN,23,12,0.00202,NaN,0,1,1,1330,4320,3,50
4,1,NaN,NaN,NaN,11,3,NaN,NaN,1,1,1,1331,4320,3,50
4,1,NaN,NaN,NaN,11,2,0.00625,NaN,0,1,1,1332,4320,3,NaN
4,1,NaN,NaN,NaN,11,2,0.00625,NaN,0,1,1,1333,4320,3,NaN
4,1,NaN,NaN,NaN,11,34,NaN,NaN,NaN,1,1,1334,4320,3,40
4,1,1261,1189,1333,11,14,NaN,NaN,1,1,1,1335,4320,3,10
4,1,1261,1189,1333,11,13,NaN,NaN,1,1,1,1336,4320,3,20
4,1,1261,1189,1333,11,3,NaN,NaN,1,1,1,1337,4320,3,50
4,1,416,338,494,11,14,NaN,NaN,1,1,1,1338,4320,3,10
4,1,416,338,494,11,13,NaN,NaN,1,1,1,1339,4320,3,20
4,1,416,338,494,11,3,0.0711,0.01285,1,1,1,1340,4320,3,50
4,1,492,445.6,538.4,11,14,NaN,NaN,1,1,1,1341,4320,3,10
4,1,492,445.6,538.4,11,13,NaN,NaN,1,1,1,1342,4320,3,20
4,1,492,445.6,538.4,11,3,NaN,NaN,1,1,1,1343,4320,3,50
4,1,205,NaN,NaN,23,32,0.002,NaN,0,1,1,1344,4320,3,NaN
4,1,101,NaN,NaN,23,72,0.002,NaN,0,1,1,1345,4320,3,66
4,1,94,NaN,NaN,23,3,0.0038,0.0015,1,1,1,1346,4320,3,50
4,39,489.6,481.1,498.1,11,2,0.0012,NaN,0,1,1,1347,4320,3,NaN
4,39,489.6,481.1,498.1,11,3,0.0212,NaN,0,1,1,1348,4320,3,50
4,39,489.6,481.1,498.1,11,2,0.00089,NaN,0,1,1,1349,4320,3,NaN
4,39,489.6,481.1,498.1,11,3,0.01612,NaN,0,1,1,1350,4320,3,50
4,1,NaN,NaN,NaN,23,3,0.0013,0.00021,0,1,1,1351,4320,3,50
4,1,NaN,NaN,NaN,23,3,0.00315,0.00033,0,1,1,1352,4320,3,50
4,1,NaN,NaN,NaN,23,3,0.00344,0.00067,0,1,1,1353,4320,3,50
4,1,NaN,NaN,NaN,11,3,0.01091,NaN,0,1,1,1354,4320,3,50
4,1,NaN,NaN,NaN,11,3,0.0113,NaN,0,1,1,1355,4320,3,50
4,1,NaN,NaN,NaN,11,3,0.0143,NaN,0,1,1,1356,4320,3,50
4,1,486,479,493,11,2,NaN,NaN,NaN,1,1,1357,4320,3,NaN
4,1,486,479,493,11,1,0.00253,0.00056,1,1,1,1358,4320,3,50
4,1,486,479,493,11,2,NaN,NaN,NaN,1,1,1359,4320,3,NaN
4,1,486,479,493,11,1,0.003,0.00055,1,1,1,1360,4320,3,50
4,1,486,479,493,11,2,NaN,NaN,NaN,1,1,1361,4320,3,NaN
4,1,486,479,493,11,1,0.00295,0.000505,1,1,1,1362,4320,3,50
4,1,1120,1070,1170,11,14,NaN,NaN,1,1,1,1363,4320,3,10
4,1,1120,1070,1170,11,3,NaN,NaN,1,1,1,1364,4320,3,50
4,1,1120,1070,1170,11,14,NaN,NaN,1,1,1,1365,4320,3,10
4,1,1120,1070,1170,11,3,NaN,NaN,1,1,1,1366,4320,3,50
4,1,NaN,NaN,NaN,11,46,NaN,NaN,NaN,NaN,NaN,1367,4320,3,25
2,1,NaN,NaN,NaN,5,199,1e-11,NaN,0,19,1,1368,NaN,NaN,NaN
2,1,NaN,NaN,NaN,5,200,2e-11,NaN,0,19,1,1369,NaN,NaN,NaN
8,2,NaN,NaN,NaN,35,46,0.001,NaN,0,1,1,1370,4320,3,25
9,2,NaN,NaN,NaN,5,8,0.24,NaN,0,1,1,1371,4500,3,NaN
11,1,27.2,26.2,28.2,5,2,NaN,NaN,NaN,1,1,1372,10080,4,NaN
3,1,0,-9999,9999,9,2,NaN,NaN,NaN,1,1,1373,11520,4,NaN
3,1,NaN,NaN,NaN,9,2,NaN,NaN,NaN,1,1,1374,11520,4,NaN
3,1,NaN,NaN,NaN,9,2,NaN,NaN,NaN,1,1,1375,11520,4,NaN
3,1,0,-9999,9999,9,2,NaN,NaN,NaN,1,1,1376,11520,4,NaN
3,1,NaN,NaN,NaN,9,2,NaN,NaN,NaN,1,1,1377,11520,4,NaN
3,1,NaN,NaN,NaN,9,2,NaN,NaN,NaN,1,1,1378,11520,4,NaN
2,1,NaN,NaN,NaN,11,31,0.05,NaN,0,1,1,1379,11520,4,68
2,1,NaN,NaN,NaN,11,68,0.2,NaN,0,1,1,1380,11520,4,91
2,1,NaN,NaN,NaN,11,68,0.05,NaN,0,1,1,1381,11520,4,91
2,1,NaN,NaN,NaN,11,201,0.2,NaN,0,1,1,1382,11520,4,95
4,1,NaN,NaN,NaN,9,2,0.5,NaN,0,1,1,1383,11520,4,NaN
8,1,NaN,NaN,NaN,1,2,0.0146,NaN,0,2,1,1384,480,2,NaN
8,1,NaN,NaN,NaN,22,2,0.0018,NaN,0,2,1,1385,480,2,NaN
8,1,NaN,NaN,NaN,22,28,0.0073,NaN,0,2,1,1386,480,2,100
4,1,0,-9999,9999,10,2,0.002,NaN,0,1,1,1387,480,2,NaN
4,1,0,-9999,9999,10,3,NaN,NaN,1,1,1,1388,480,2,50
11,1,0,-9999,9999,1,122,NaN,NaN,NaN,NaN,NaN,1389,NaN,NaN,NaN
2,1,NaN,NaN,NaN,18,2,0.1,NaN,0,3,2,1390,11520,4,NaN
2,1,NaN,NaN,NaN,18,2,0.1,NaN,0,3,2,1391,11520,4,NaN
2,1,NaN,NaN,NaN,18,2,0.02,NaN,0,3,2,1392,11520,4,NaN
10,22,NaN,NaN,NaN,5,21,0.0015,NaN,0,1,1,1393,5040,3,85
10,22,NaN,NaN,NaN,5,24,0.0015,NaN,0,1,1,1394,5040,3,30
1,40,NaN,NaN,NaN,5,38,0.002065,0.000421,1,1,1,1395,NaN,NaN,NaN
4,5,0,-9999,9999,5,2,100,NaN,0,NaN,NaN,1396,1.296e+05,5,NaN
1,1,177,173,181,1,1,0.1004,0.0003,0,1,1,1397,90,2,50
2,33,10.9,10.1,11.7,1,3,0.000305,3.3e-05,0,5,1,1398,90,2,50
2,34,11,10.3,11.7,1,3,0.000793,7.1e-05,0,5,1,1399,90,2,50
2,33,11,10.1,11.9,1,3,0.002041,5e-06,0,5,1,1400,90,2,50
2,1,140,133,147,1,1,0.004,0.0001,0,1,1,1401,90,2,50
2,1,40,39,41,1,2,0.0044,0.0009,0,1,1,1402,90,2,NaN
7,2,915,NaN,NaN,36,3,0.041,NaN,0,1,1,1403,5760,3,50
7,2,2419,NaN,NaN,36,3,0.0127,NaN,0,1,1,1404,5760,3,50
7,2,2662,NaN,NaN,36,3,0.0124,NaN,0,1,1,1405,5760,3,50
7,2,0,-9999,9999,23,12,NaN,NaN,NaN,1,1,1406,5760,3,50
8,2,NaN,NaN,NaN,23,12,NaN,NaN,NaN,1,1,1407,5760,3,50
7,3,NaN,NaN,NaN,23,12,NaN,NaN,1,1,1,1408,5760,3,50
7,3,NaN,NaN,NaN,23,91,0.015,NaN,0,1,1,1409,5760,3,100
7,3,NaN,NaN,NaN,23,12,0.017,0.003,1,1,1,1410,5760,3,50
7,3,NaN,NaN,NaN,23,12,0.021,0.003,1,1,1,1411,5760,3,50
7,3,NaN,NaN,NaN,23,91,0.002,NaN,0,1,1,1412,5760,3,100
9,3,NaN,NaN,NaN,36,8,0.0001,NaN,0,1,1,1413,5760,3,NaN
9,3,NaN,NaN,NaN,36,3,0.00186,NaN,0,1,1,1414,5760,3,50
9,3,NaN,NaN,NaN,36,8,0.0001,NaN,0,1,1,1415,5760,3,NaN
9,3,NaN,NaN,NaN,36,3,0.0227,NaN,0,1,1,1416,5760,3,50
7,3,NaN,NaN,NaN,36,3,0.00082,8e-05,0,1,1,1417,5760,3,50
7,3,NaN,NaN,NaN,36,22,0.01,NaN,0,1,1,1418,5760,3,NaN
7,3,NaN,NaN,NaN,35,202,0.1,NaN,0,2,1,1419,5760,3,54.5
7,3,NaN,NaN,NaN,35,203,0.05,NaN,0,2,1,1420,5760,3,44.67
7,3,NaN,NaN,NaN,35,204,0.1,NaN,0,2,1,1421,5760,3,66.05
10,22,NaN,NaN,NaN,5,169,0.0015,NaN,0,1,1,1422,5760,3,55
10,22,NaN,NaN,NaN,5,92,0.0015,NaN,0,1,1,1423,5760,3,20
1,41,0,-9999,9999,5,205,0.05,NaN,0,1,1,1424,5760,3,NaN
1,41,0,-9999,9999,5,206,0.1,NaN,0,1,1,1425,5760,3,65
1,1,103,NaN,NaN,9,207,0.23,NaN,0,3,2,1426,5760,3,NaN
1,41,NaN,NaN,NaN,5,55,0.001,NaN,0,1,1,1427,5760,3,NaN
1,41,NaN,NaN,NaN,5,100,NaN,NaN,NaN,1,1,1428,5760,3,NaN
1,1,0,-9999,9999,37,38,9.95e-05,NaN,0,5,1,1429,5760,3,NaN
3,1,25,-9999,NaN,23,3,NaN,NaN,NaN,1,1,1430,5760,3,50
3,1,499,NaN,NaN,11,3,0.0128,0.0014,1,1,1,1431,5760,3,50
3,1,1599,NaN,NaN,11,3,0.00896,0.00076,1,1,1,1432,5760,3,50
3,31,NaN,NaN,NaN,23,3,0.00078,NaN,0,1,1,1433,5760,3,50
3,1,NaN,NaN,NaN,23,26,0.001,NaN,0,1,1,1434,5760,3,NaN
3,1,NaN,NaN,NaN,23,2,0.001,NaN,0,1,1,1435,5760,3,NaN
3,1,NaN,NaN,NaN,23,2,0.001,NaN,0,1,1,1436,5760,3,NaN
3,1,NaN,NaN,NaN,23,2,0.001,NaN,0,1,1,1437,5760,3,NaN
2,1,35,NaN,NaN,23,3,NaN,NaN,NaN,1,1,1438,5760,3,50
2,1,NaN,NaN,NaN,5,12,0.0094,NaN,0,1,1,1439,5760,3,50
2,1,NaN,NaN,NaN,5,12,0.00125,NaN,0,1,1,1440,5760,3,50
2,1,NaN,NaN,NaN,5,12,0.0106,NaN,0,1,1,1441,5760,3,50
2,1,NaN,NaN,NaN,5,12,0.00136,NaN,0,1,1,1442,5760,3,50
2,1,NaN,NaN,NaN,5,12,2.8e-05,5.5e-06,1,5,1,1443,5760,3,50
2,1,NaN,NaN,NaN,5,12,NaN,NaN,NaN,5,1,1444,5760,3,50
2,7,NaN,NaN,NaN,5,3,NaN,NaN,1,8,3,1445,5760,3,50
2,7,NaN,NaN,NaN,5,3,NaN,NaN,1,8,3,1446,5760,3,50
2,7,NaN,NaN,NaN,5,3,NaN,NaN,1,8,3,1447,5760,3,50
2,1,0,-9999,9999,31,12,NaN,NaN,1,5,1,1448,5760,3,50
2,1,0,-9999,9999,31,208,0.0001,NaN,0,5,1,1449,5760,3,40
7,3,NaN,NaN,NaN,23,209,0.016,NaN,0,1,1,1450,5760,3,NaN
7,3,NaN,NaN,NaN,23,210,0.026,NaN,0,1,1,1451,5760,3,NaN
7,3,NaN,NaN,NaN,23,211,0.048,NaN,0,1,1,1452,5760,3,NaN
7,3,NaN,NaN,NaN,5,2,0.003,NaN,0,1,1,1453,5760,3,NaN
7,3,NaN,NaN,NaN,35,2,0.003,NaN,0,1,1,1454,5760,3,NaN
7,3,NaN,NaN,NaN,35,8,0.013,NaN,0,1,1,1455,5760,3,NaN
7,3,NaN,NaN,NaN,35,3,0.024,0.0045,1,1,1,1456,5760,3,50
7,3,NaN,NaN,NaN,35,2,0.001,NaN,0,1,1,1457,5760,3,NaN
7,3,NaN,NaN,NaN,35,8,0.0026,NaN,0,1,1,1458,5760,3,NaN
7,3,NaN,NaN,NaN,35,3,0.009,0.001,1,1,1,1459,5760,3,50
7,3,NaN,NaN,NaN,35,2,4.2e-05,NaN,0,1,1,1460,5760,3,NaN
7,3,NaN,NaN,NaN,35,8,0.00053,NaN,0,1,1,1461,5760,3,NaN
7,3,NaN,NaN,NaN,35,3,NaN,NaN,1,1,1,1462,5760,3,50
7,3,NaN,NaN,NaN,35,2,0.003,NaN,0,1,1,1463,5760,3,NaN
7,3,NaN,NaN,NaN,35,8,0.013,NaN,0,1,1,1464,5760,3,NaN
7,3,NaN,NaN,NaN,35,3,NaN,NaN,1,1,1,1465,5760,3,50
7,3,NaN,NaN,NaN,35,2,0.00018,NaN,0,1,1,1466,5760,3,NaN
2,1,0,-9999,9999,5,12,0.0001284,7.13e-06,0,5,1,1467,5760,3,50
7,3,NaN,NaN,NaN,35,8,0.00053,NaN,0,1,1,1468,5760,3,NaN
7,3,NaN,NaN,NaN,35,3,0.0025,0.00025,1,1,1,1469,5760,3,50
4,1,NaN,NaN,NaN,23,2,0.001,NaN,0,1,1,1470,5760,3,NaN
4,1,NaN,NaN,NaN,23,2,0.001,NaN,0,1,1,1471,5760,3,NaN
4,1,0,-9999,9999,5,12,0.1245,NaN,0,1,1,1472,5760,3,50
4,1,0,-9999,9999,5,12,NaN,NaN,NaN,1,1,1473,5760,3,50
4,1,0,-9999,9999,5,12,NaN,NaN,NaN,1,1,1474,5760,3,50
4,1,0,-9999,9999,5,12,NaN,NaN,NaN,1,1,1475,5760,3,50
4,1,0,-9999,9999,5,12,NaN,NaN,NaN,1,1,1476,5760,3,50
4,1,NaN,NaN,NaN,23,12,0.00042,NaN,0,16,3,1477,5760,3,50
4,1,NaN,NaN,NaN,23,101,0.00019,NaN,0,16,3,1478,5760,3,NaN
7,3,NaN,NaN,NaN,35,2,0.003,NaN,0,1,1,1479,5760,3,NaN
4,1,192,191.2,192.8,2,3,0.00062,NaN,0,1,1,1480,5760,3,50
4,42,0,-9999,9999,5,2,0.5,NaN,0,1,1,1481,5760,3,NaN
4,42,0,-9999,9999,5,2,0.5,NaN,0,1,1,1482,5760,3,NaN
4,1,205,NaN,NaN,23,212,0.002,NaN,0,1,1,1483,5760,3,57
4,1,101,NaN,NaN,23,28,0.002,NaN,0,1,1,1484,5760,3,100
4,1,94,NaN,NaN,23,3,0.00073,5e-05,1,1,1,1485,5760,3,50
4,43,NaN,NaN,NaN,37,2,0.01,NaN,0,1,1,1486,5760,3,NaN
7,3,NaN,NaN,NaN,35,8,0.013,NaN,0,1,1,1487,5760,3,NaN
7,3,NaN,NaN,NaN,35,3,0.036,0.007,1,1,1,1488,5760,3,50
7,3,NaN,NaN,NaN,35,2,0.0013,NaN,0,1,1,1489,5760,3,NaN
4,1,NaN,NaN,NaN,23,3,0.00179,0.00029,1,1,1,1490,5760,3,50
4,1,NaN,NaN,NaN,23,3,0.00325,0.00114,1,1,1,1491,5760,3,50
4,1,NaN,NaN,NaN,23,3,0.01352,0.00691,1,1,1,1492,5760,3,50
4,1,NaN,NaN,NaN,23,3,0.00074,0.000365,1,1,1,1493,5760,3,50
4,1,NaN,NaN,NaN,23,3,0.00131,0.000585,1,1,1,1494,5760,3,50
4,1,NaN,NaN,NaN,23,3,0.00369,0.00111,1,1,1,1495,5760,3,50
4,1,0,-9999,9999,21,2,0.01,NaN,0,1,1,1496,5760,3,NaN
4,1,0,-9999,9999,21,213,0.03,NaN,0,1,1,1497,5760,3,NaN
4,1,0,-9999,9999,21,214,0.1,NaN,0,1,1,1498,5760,3,NaN
4,1,0,-9999,9999,21,215,0.1,NaN,0,1,1,1499,5760,3,34.4
4,1,0,-9999,9999,21,2,0.003,NaN,0,1,1,1500,5760,3,NaN
4,1,0,-9999,9999,21,216,0.01,NaN,0,1,1,1501,5760,3,NaN
4,1,0,-9999,9999,21,217,0.1,NaN,0,1,1,1502,5760,3,45.1
4,1,0,-9999,9999,21,218,0.1,NaN,0,1,1,1503,5760,3,NaN
7,3,NaN,NaN,NaN,35,8,0.0055,NaN,0,1,1,1504,5760,3,NaN
7,3,NaN,NaN,NaN,35,3,NaN,NaN,1,1,1,1505,5760,3,50
3,7,8.5,8.3,8.7,13,2,0.01,NaN,0,1,1,1506,5760,3,NaN
2,1,12.9,NaN,NaN,5,12,0.0001266,1.96e-05,1,5,1,1507,5760,3,50
2,1,35,NaN,NaN,5,12,7.86e-05,6.05e-06,1,5,1,1508,5760,3,50
2,1,40.6,NaN,NaN,5,12,8.7e-05,1.34e-05,1,5,1,1509,5760,3,50
2,1,10.9,NaN,NaN,5,12,9.36e-05,1.2e-05,1,5,1,1510,5760,3,50
5,1,NaN,NaN,NaN,11,100,0.0028,0.00023,0,1,1,1511,5760,3,NaN
5,1,NaN,NaN,NaN,11,100,0.0043,0.00035,0,1,1,1512,5760,3,NaN
5,1,202,120,340,8,100,NaN,NaN,1,1,1,1513,5760,3,NaN
5,1,202,120,340,8,8,0.25,NaN,0,1,1,1514,5760,3,NaN
1,40,NaN,NaN,NaN,5,12,0.001793,0.0003235,1,1,1,1515,NaN,NaN,50
8,2,NaN,NaN,NaN,38,3,NaN,NaN,NaN,1,1,1516,5760,3,50
10,7,NaN,NaN,NaN,38,219,NaN,NaN,NaN,1,1,1517,5760,3,50
4,1,NaN,NaN,NaN,38,3,NaN,NaN,NaN,NaN,NaN,1518,5760,3,50
2,1,188,164,212,1,14,0.04,NaN,0,1,1,1519,NaN,NaN,10
2,1,188,164,212,1,13,0.079,NaN,0,1,1,1520,NaN,NaN,20
2,1,35,34.8,35.2,1,14,0.032,NaN,0,1,1,1521,NaN,NaN,10
4,1,150,NaN,NaN,26,2,1e-05,NaN,0,5,1,1522,NaN,NaN,NaN
